ACC,Predictive_Entropy,Expected_Entropy,Mutual_Information,Uncertainty_Level,Membrane,Cytoplasm,Nucleus,Extracellular,Cell membrane,Mitochondrion,Plastid,Endoplasmic reticulum,Lysosome/Vacuole,Golgi apparatus,Peroxisome,predicted_label,true_label
ENSP00000409472,3.7231639203235942,0.2915087774325573,3.431655142891037,High,0.288794,0.428076,0.393604,0.314063,0.201343,0.290625,0.068558,0.280103,0.246338,0.322559,0.230804,None,Cytoplasm
ENSP00000374443,3.2978353998450434,0.21822981876251274,3.0796055810825305,High,0.32085,0.544775,0.40708,0.08107,0.251904,0.20094,0.031117,0.269409,0.301709,0.379932,0.061987,Cytoplasm,Nucleus
ENSP00000352794,3.3396791086265356,0.35542955177955377,2.984249556846982,High,0.412549,0.665527,0.318945,0.193787,0.452002,0.18175,0.033653,0.391943,0.266968,0.536377,0.068825,Cytoplasm,"Cytoplasm, Cell membrane"
ENSP00000300648,3.296660752418045,0.28439486319659696,3.012265889221448,High,0.378809,0.533936,0.586133,0.028284,0.257178,0.437256,0.095331,0.213965,0.21875,0.276904,0.0975,"Cytoplasm, Nucleus",Cytoplasm
ENSP00000382610,3.3600006273740273,0.20267072742326314,3.157329899950764,High,0.31416,0.617773,0.344482,0.213086,0.409961,0.228296,0.00957,0.251709,0.244727,0.376514,0.075705,Cytoplasm,"Cytoplasm, Nucleus"
ENSP00000416289,3.3399792356723137,0.3428362965280316,2.997142939144282,High,0.249316,0.4771,0.54043,0.121143,0.182031,0.323413,0.01311,0.37854,0.245746,0.246405,0.127438,"Cytoplasm, Nucleus",Nucleus
ENSP00000450998,3.4975354137158075,0.42887491897536517,3.0686604947404423,High,0.4875,0.575195,0.355469,0.268933,0.587939,0.250928,0.05287,0.339551,0.251733,0.509033,0.104456,"Membrane, Cytoplasm, Cell membrane","Cytoplasm, Cell membrane"
ENSP00000419330,3.42901136357432,0.2355004840747635,3.1935108794995566,High,0.302441,0.551367,0.359814,0.184265,0.150891,0.384497,0.041315,0.344409,0.283643,0.616602,0.118227,Cytoplasm,Golgi apparatus
ENSP00000390590,3.3376116385611896,0.3693218991507113,2.968289739410478,High,0.303979,0.64873,0.29292,0.205481,0.392163,0.318115,0.016491,0.150073,0.135156,0.207324,0.213379,Cytoplasm,"Cytoplasm, Nucleus"
ENSP00000358106,3.3413739893817787,0.3336574761296561,3.0077165132521224,High,0.213281,0.578174,0.350146,0.163916,0.287598,0.155334,0.055862,0.308301,0.129407,0.16842,0.162137,Cytoplasm,Cytoplasm
ENSP00000505465,3.467040998135275,0.49278108530783227,2.974259912827443,High,0.482715,0.42207,0.248584,0.068091,0.329004,0.412622,0.012379,0.361816,0.489502,0.27876,0.426501,Membrane,Cytoplasm
ENSP00000406144,3.460951857958708,0.4904188623745338,2.9705329955841746,High,0.474854,0.425488,0.26062,0.057977,0.336597,0.406958,0.013518,0.364893,0.496045,0.280408,0.41123,Membrane,Cytoplasm
ENSP00000506632,3.4506714652743935,0.37355692098024423,3.077114544294149,High,0.605566,0.303418,0.349561,0.264941,0.239136,0.333643,0.02233,0.455322,0.484131,0.520264,0.09462,Membrane,"Cytoplasm, Cell membrane"
ENSP00000354874,3.7363517348603654,0.5766644695448361,3.1596872653155295,High,0.410352,0.423389,0.473584,0.249072,0.209888,0.569629,0.103357,0.486914,0.241455,0.431006,0.355127,None,Nucleus
ENSP00000419516,3.2782142569834156,0.16562699054775998,3.1125872664356558,High,0.652832,0.21084,0.269824,0.083881,0.143201,0.495264,0.054175,0.564063,0.189404,0.413281,0.201331,Membrane,Nucleus
ENSP00000427820,3.3225136842657523,0.20399654300992515,3.1185171412558272,High,0.200854,0.530322,0.428906,0.276355,0.155762,0.351074,0.029559,0.18844,0.162451,0.293311,0.088477,Cytoplasm,Nucleus
ENSP00000429826,3.4031148945805927,0.21483184551448695,3.1882830490661056,High,0.191821,0.588135,0.410303,0.348169,0.159912,0.32124,0.016706,0.275757,0.233765,0.331396,0.119647,Cytoplasm,Golgi apparatus
ENSP00000452984,3.4002940741447523,0.3314345642105131,3.068859509934239,High,0.24873,0.698047,0.290576,0.125342,0.216333,0.26543,0.047021,0.279297,0.158618,0.376709,0.236053,Cytoplasm,"Cytoplasm, Nucleus"
ENSP00000318883,3.4671325549427627,0.23059181523976263,3.236540739703,High,0.572461,0.32251,0.197412,0.213013,0.235254,0.633496,0.040652,0.294067,0.255103,0.259668,0.58252,Membrane,Mitochondrion
ENSP00000413029,3.524277464854447,0.24587924089867977,3.2783982239557674,High,0.16814,0.299365,0.202856,0.70957,0.149597,0.182019,0.186328,0.262793,0.22688,0.340479,0.222595,Extracellular,Nucleus
ENSP00000358932,3.6383475213492558,0.3936018487318171,3.2447456726174386,High,0.441748,0.413965,0.319727,0.166487,0.250928,0.497266,0.037053,0.450879,0.27561,0.286047,0.444214,None,Nucleus
ENSP00000311486,3.4238922154140212,0.32575581427613703,3.098136401137884,High,0.294238,0.529492,0.48418,0.184192,0.26521,0.394385,0.017724,0.254004,0.347534,0.338428,0.073576,Cytoplasm,Lysosome/Vacuole
ENSP00000489696,3.323710692933038,0.4081431515879831,2.915567541345055,High,0.276514,0.482031,0.468652,0.174731,0.14928,0.409253,0.115878,0.091187,0.079364,0.14527,0.283923,Cytoplasm,Cytoplasm
ENSP00000477967,3.433992272900506,0.2888368359617257,3.14515543693878,High,0.572949,0.305908,0.234741,0.226135,0.237964,0.613086,0.041333,0.297241,0.153735,0.230908,0.57998,Membrane,Mitochondrion
ENSP00000307260,3.2842643384575214,0.2793476693445541,3.0049166691129674,High,0.688379,0.243921,0.256104,0.100073,0.274292,0.294263,0.043524,0.679199,0.267236,0.367822,0.134045,"Membrane, Endoplasmic reticulum",Cytoplasm
ENSP00000497692,3.3175644810690916,0.2477666579889109,3.069797823080181,High,0.298975,0.515039,0.446436,0.145837,0.200073,0.237109,0.018414,0.344873,0.356812,0.403467,0.043433,Cytoplasm,Nucleus
ENSP00000275072,3.3648751732867948,0.38769232595938247,2.9771828473274122,High,0.140662,0.637695,0.323779,0.44165,0.230151,0.263782,0.016769,0.256689,0.265845,0.16781,0.192316,Cytoplasm,Nucleus
ENSP00000432878,3.684759611742975,0.28428554567327674,3.400474066069698,High,0.442529,0.633789,0.317236,0.217041,0.434131,0.471338,0.17002,0.268384,0.190454,0.546582,0.200378,Cytoplasm,"Cytoplasm, Cell membrane, Endoplasmic reticulum"
ENSP00000414103,3.4956408788767908,0.2581913616054907,3.2374495172713003,High,0.534131,0.517236,0.347607,0.160779,0.308154,0.382861,0.053137,0.615625,0.420605,0.665918,0.231165,"Membrane, Cytoplasm",Golgi apparatus
ENSP00000446242,3.5420734912602687,0.31180692013211103,3.2302665711281575,High,0.392603,0.376318,0.387744,0.269702,0.206982,0.67373,0.026996,0.309253,0.195996,0.362378,0.250208,Mitochondrion,Mitochondrion
ENSP00000445481,3.398387741804737,0.3559670419980244,3.0424206998067125,High,0.350244,0.529834,0.481348,0.192798,0.288379,0.365381,0.023035,0.202197,0.500708,0.42373,0.065392,Cytoplasm,Lysosome/Vacuole
ENSP00000335060,3.3019237142873417,0.39649633476169394,2.905427379525648,High,0.273462,0.700977,0.22594,0.144647,0.23103,0.623975,0.014884,0.17428,0.287939,0.37019,0.279492,Cytoplasm,Mitochondrion
ENSP00000385529,3.3628859288172053,0.3200697007449215,3.042816228072284,High,0.412061,0.539062,0.373633,0.035342,0.385303,0.318823,0.051466,0.101721,0.246021,0.334033,0.259619,Cytoplasm,Cytoplasm
ENSP00000413963,3.2994210475275816,0.4801655685705648,2.819255478957017,High,0.186597,0.471436,0.517041,0.459082,0.120459,0.310815,0.070433,0.075128,0.205493,0.126208,0.497577,Cytoplasm,Cytoplasm
ENSP00000502859,3.7019943956487564,0.2208639537971735,3.481130441851583,High,0.574072,0.346729,0.157654,0.215967,0.199121,0.54541,0.261951,0.371533,0.206689,0.229321,0.292505,Membrane,Mitochondrion
ENSP00000468290,3.373469010675084,0.29902613519897586,3.074442875476108,High,0.312842,0.507471,0.518555,0.298779,0.180811,0.483984,0.00533,0.28418,0.208618,0.44126,0.100073,Cytoplasm,Mitochondrion
ENSP00000387119,3.4308083254189983,0.2768202497654577,3.1539880756535403,High,0.207324,0.515869,0.447559,0.306323,0.226343,0.314038,0.036192,0.099683,0.282251,0.130762,0.367212,Cytoplasm,Cytoplasm
ENSP00000496818,3.8031361518462763,0.3396244241381148,3.4635117277081617,High,0.283374,0.501465,0.335986,0.279956,0.248535,0.424438,0.197705,0.260864,0.221045,0.226831,0.206763,Cytoplasm,Nucleus
ENSP00000486676,3.4108332363726017,0.40370543969272177,3.00712779667988,High,0.59541,0.245923,0.220142,0.182007,0.17688,0.622119,0.043344,0.571436,0.226416,0.28042,0.425928,Membrane,Cytoplasm
ENSP00000393970,3.528530177093839,0.25764971273552406,3.270880464358315,High,0.236084,0.602441,0.532715,0.213098,0.163855,0.362646,0.199585,0.314941,0.178857,0.250305,0.08755,"Cytoplasm, Nucleus",Mitochondrion
ENSP00000499274,3.4110842650712687,0.29494870940760126,3.1161355556636674,High,0.175269,0.406348,0.589063,0.281299,0.110095,0.302612,0.18429,0.301709,0.139233,0.36189,0.050719,Nucleus,Cell membrane
ENSP00000343717,3.614691856658751,0.4343687198099784,3.1803231368487728,High,0.29707,0.509814,0.298071,0.222229,0.112976,0.556543,0.125912,0.292627,0.290405,0.372803,0.621338,Cytoplasm,Cytoplasm
ENSP00000225576,3.340925905794557,0.21486276444776403,3.126063141346793,High,0.617188,0.263452,0.313623,0.083557,0.184204,0.261133,0.064564,0.554541,0.287793,0.517236,0.120532,Membrane,Golgi apparatus
ENSP00000280056,3.423245903002533,0.3012421126012239,3.122003790401309,High,0.297021,0.469971,0.480908,0.256592,0.110168,0.54751,0.066354,0.214343,0.120984,0.177222,0.301971,Cytoplasm,Nucleus
ENSP00000436775,3.3187137121592496,0.2398740579864581,3.0788396541727914,High,0.214502,0.530371,0.497119,0.102563,0.205786,0.480127,0.018189,0.240601,0.233447,0.156653,0.253439,Cytoplasm,Nucleus
ENSP00000407970,3.3405642623125544,0.4823916139208905,2.858172648391664,High,0.195972,0.618555,0.299756,0.159262,0.22854,0.469141,0.022126,0.31355,0.180225,0.214111,0.62998,Cytoplasm,Nucleus
ENSP00000411565,3.3717471349434565,0.2673039412398023,3.1044431937036543,High,0.305908,0.416992,0.546191,0.221777,0.127466,0.495605,0.088246,0.1617,0.087946,0.170129,0.248212,Nucleus,Nucleus
ENSP00000281703,3.390735928125336,0.32515419028824066,3.0655817378370953,High,0.238452,0.655078,0.400439,0.33562,0.185083,0.35625,0.073428,0.231958,0.181067,0.260742,0.059758,Cytoplasm,Cytoplasm
ENSP00000476193,3.549171618012273,0.47945307023059724,3.069718547781676,High,0.323926,0.672461,0.164429,0.383203,0.247253,0.454883,0.099152,0.347119,0.289429,0.259668,0.110635,Cytoplasm,Cytoplasm
ENSP00000378638,3.561147158179205,0.30993357678301764,3.251213581396187,High,0.336572,0.46626,0.431738,0.341589,0.179688,0.665918,0.027291,0.341357,0.238184,0.350854,0.277539,Mitochondrion,Cytoplasm
ENSP00000364373,3.6590628684834767,0.24504840431549585,3.414014464167981,High,0.202979,0.447607,0.419775,0.449805,0.143652,0.424902,0.172314,0.1646,0.261719,0.304395,0.164075,None,"Cytoplasm, Nucleus"
ENSP00000380612,3.2874170985491364,0.3693446787288707,2.9180724198202657,High,0.224658,0.646436,0.505225,0.229297,0.199426,0.410864,0.062438,0.212085,0.092401,0.240405,0.104074,Cytoplasm,Nucleus
ENSP00000378580,3.588949591370917,0.1989289961393573,3.39002059523156,High,0.328857,0.469824,0.390625,0.412549,0.227173,0.49082,0.029572,0.326904,0.326709,0.379541,0.113574,Cytoplasm,"Cytoplasm, Nucleus, Cell membrane"
ENSP00000507949,3.5406476207156183,0.2963145224131277,3.2443330983024907,High,0.251489,0.462549,0.348706,0.404687,0.084598,0.597266,0.185217,0.16687,0.191064,0.172656,0.278552,None,Mitochondrion
ENSP00000483433,3.394544501923799,0.411804664484421,2.9827398374393783,High,0.405566,0.381543,0.396191,0.449854,0.124884,0.343677,0.026119,0.376514,0.120929,0.286963,0.100694,None,Endoplasmic reticulum
ENSP00000480632,3.334482969355069,0.5433549268573641,2.791128042497705,High,0.228882,0.349414,0.440869,0.143774,0.108929,0.359033,0.022342,0.383984,0.196289,0.242834,0.129419,None,Nucleus
ENSP00000430870,3.4972069404752784,0.24587817084943045,3.251328769625848,High,0.25769,0.499268,0.495117,0.246985,0.224829,0.382812,0.030752,0.295557,0.152808,0.24624,0.174902,Cytoplasm,"Nucleus, Mitochondrion"
ENSP00000300145,3.4419911396763196,0.25457011404207236,3.1874210256342472,High,0.260547,0.437842,0.285547,0.748437,0.161987,0.487939,0.043324,0.30791,0.212695,0.200793,0.293994,Extracellular,"Cytoplasm, Cell membrane"
ENSP00000259030,3.4916267327810497,0.23908599594950936,3.2525407368315404,High,0.489111,0.268359,0.383789,0.277612,0.198169,0.333008,0.018697,0.542383,0.294287,0.292676,0.11853,Membrane,Nucleus
ENSP00000323571,3.610662694466594,0.2637674630278886,3.3468952314387055,High,0.396191,0.287622,0.275391,0.428955,0.141357,0.444434,0.126263,0.34436,0.147668,0.212695,0.156396,None,Cell membrane
ENSP00000430946,3.3124449058025327,0.2594735611065792,3.0529713446959534,High,0.17666,0.431445,0.539941,0.252466,0.122607,0.295435,0.027986,0.232227,0.211011,0.233594,0.10654,Nucleus,Nucleus
ENSP00000378493,3.4522924900450644,0.33148447943364634,3.120808010611418,High,0.299097,0.461768,0.498242,0.185486,0.202368,0.522949,0.013601,0.361084,0.327222,0.338281,0.119678,None,Nucleus
ENSP00000494088,3.623096892125939,0.4156717058121654,3.207425186313774,High,0.421826,0.534424,0.295117,0.1547,0.262769,0.376758,0.068173,0.226538,0.331079,0.456152,0.185962,Cytoplasm,Nucleus
ENSP00000413595,3.304991441670714,0.18957126534463822,3.115420176326076,High,0.296631,0.454541,0.561523,0.073343,0.171899,0.277905,0.057324,0.172876,0.283252,0.283179,0.099805,Nucleus,Nucleus
ENSP00000506466,3.33530374884896,0.2349834578904426,3.1003202909585172,High,0.299414,0.550195,0.437549,0.114954,0.226367,0.357129,0.028474,0.211377,0.157959,0.241016,0.131595,Cytoplasm,Cytoplasm
ENSP00000494393,3.5269861679818835,0.30960667989557933,3.217379488086304,High,0.292773,0.6,0.477344,0.337964,0.186646,0.332544,0.071848,0.271167,0.355322,0.660645,0.142044,Cytoplasm,Cytoplasm
ENSP00000446613,3.680812550211527,0.38130698228294213,3.299505567928585,High,0.193481,0.405762,0.392041,0.456689,0.071466,0.493848,0.283838,0.314136,0.193274,0.218286,0.315088,None,Cytoplasm
ENSP00000416386,3.406782212206053,0.20057499713472535,3.2062072150713274,High,0.351025,0.260107,0.191016,0.626563,0.307324,0.332129,0.038031,0.215723,0.217615,0.314209,0.078903,None,Cell membrane
ENSP00000248104,3.327856225057724,0.2687481219972323,3.059108103060492,High,0.315894,0.607324,0.322998,0.144385,0.205566,0.246143,0.02764,0.199536,0.547314,0.51958,0.120871,Cytoplasm,Cytoplasm
ENSP00000467407,3.402162698435661,0.2831139127416539,3.119048785694007,High,0.355078,0.433789,0.449365,0.316968,0.171265,0.570508,0.012459,0.365088,0.212927,0.455273,0.089552,None,Mitochondrion
ENSP00000507941,3.5646352126789806,0.3817996782770402,3.1828355344019403,High,0.451709,0.527002,0.359912,0.079742,0.226221,0.610791,0.102615,0.469629,0.289062,0.432959,0.482959,Cytoplasm,Cytoplasm
ENSP00000463053,3.3803049750587673,0.17789125916167542,3.202413715897092,High,0.111938,0.381982,0.402295,0.375391,0.085706,0.511182,0.307324,0.105591,0.155042,0.133875,0.199646,None,Nucleus
ENSP00000339335,3.3014952430450366,0.2070636666479794,3.0944315763970573,High,0.272095,0.596729,0.37002,0.378076,0.171753,0.370215,0.014363,0.125891,0.323291,0.279858,0.072284,Cytoplasm,"Cytoplasm, Nucleus, Cell membrane"
ENSP00000481736,3.4231416821326235,0.26688894948458886,3.1562527326480345,High,0.223706,0.532715,0.545801,0.176416,0.167725,0.47915,0.02295,0.323633,0.314624,0.270532,0.162036,"Cytoplasm, Nucleus","Cytoplasm, Nucleus"
ENSP00000455709,3.43361119415466,0.19922925155452928,3.234381942600131,High,0.232153,0.636426,0.398926,0.207605,0.1771,0.383154,0.013649,0.16355,0.315479,0.347754,0.271106,Cytoplasm,Cell membrane
ENSP00000402432,3.502620876608843,0.3761992788252084,3.1264215977836347,High,0.207385,0.523145,0.413281,0.334033,0.165027,0.50459,0.021325,0.204016,0.268018,0.273877,0.489941,Cytoplasm,Cytoplasm
ENSP00000469165,3.5557497600292987,0.5258073262597526,3.029942433769546,High,0.546387,0.345728,0.369727,0.170862,0.239917,0.366968,0.055789,0.43064,0.55415,0.439893,0.130722,Membrane,Cell membrane
ENSP00000429461,3.5168310796345077,0.2249208133925014,3.2919102662420063,High,0.243921,0.376025,0.262744,0.375732,0.098816,0.694336,0.151703,0.205566,0.1745,0.235913,0.25177,Mitochondrion,"Cytoplasm, Nucleus, Cell membrane"
ENSP00000350101,3.4264496606414325,0.2960573125960363,3.130392348045396,High,0.206738,0.433691,0.49248,0.48125,0.231567,0.506201,0.017226,0.169849,0.192603,0.364648,0.165735,None,Nucleus
ENSP00000493494,3.505211464606816,0.2718972792611402,3.233314185345676,High,0.431641,0.658203,0.26416,0.131519,0.434082,0.27572,0.061453,0.187915,0.297437,0.31792,0.198218,Cytoplasm,Nucleus
ENSP00000460273,3.6752108899902485,0.18934769303878737,3.485863196951461,High,0.208447,0.37085,0.304712,0.362012,0.174854,0.381445,0.080774,0.328589,0.284766,0.280249,0.162,None,"Cytoplasm, Nucleus"
ENSP00000448051,3.5625326377534647,0.32915091253915163,3.233381725214313,High,0.378467,0.495361,0.57959,0.275244,0.290991,0.471143,0.023703,0.491406,0.311011,0.255566,0.184863,"Cytoplasm, Nucleus",Nucleus
ENSP00000442083,3.5083538240260417,0.20286818274186488,3.305485641284177,High,0.291479,0.408545,0.295898,0.203748,0.170093,0.778125,0.128345,0.204224,0.164331,0.321851,0.267676,Mitochondrion,Nucleus
ENSP00000429765,3.6928967217962256,0.36691574051833453,3.3259809812778913,High,0.531641,0.501953,0.283154,0.3427,0.546631,0.547461,0.097708,0.239941,0.361719,0.566846,0.350317,"Membrane, Cytoplasm, Cell membrane",Endoplasmic reticulum
ENSP00000348050,3.3208531198122495,0.287779983559173,3.0330731362530763,High,0.617285,0.228638,0.255371,0.264185,0.288013,0.345801,0.008608,0.686963,0.192395,0.446533,0.149072,"Membrane, Endoplasmic reticulum",Endoplasmic reticulum
ENSP00000285333,3.299784257406076,0.27678944224816177,3.0229948151579142,High,0.376514,0.496191,0.55293,0.293835,0.313477,0.29491,0.011048,0.163562,0.201392,0.242114,0.05577,"Cytoplasm, Nucleus",Cytoplasm
ENSP00000499371,3.398869976846074,0.31187137436053713,3.086998602485537,High,0.230151,0.368311,0.556787,0.180103,0.091138,0.305151,0.071364,0.338892,0.36958,0.294312,0.075241,Nucleus,Nucleus
ENSP00000319532,3.3918489591364804,0.16290605771008357,3.228942901426397,High,0.247217,0.475732,0.555176,0.178137,0.173047,0.368555,0.023447,0.239795,0.185962,0.219897,0.183569,"Cytoplasm, Nucleus",Nucleus
ENSP00000388887,3.3968333821640364,0.19438850282562378,3.2024448793384126,High,0.427441,0.567773,0.310254,0.085547,0.448193,0.230347,0.027083,0.298535,0.248022,0.323633,0.135968,Cytoplasm,"Cytoplasm, Nucleus"
ENSP00000477624,3.294851874409202,0.17634135841580997,3.118510515993392,High,0.706836,0.25752,0.110742,0.147156,0.196387,0.795312,0.1854,0.33999,0.200684,0.201294,0.493408,"Membrane, Mitochondrion",Mitochondrion
ENSP00000385962,3.3962740298870675,0.3953439007134216,3.000930129173646,High,0.677051,0.138733,0.256787,0.306714,0.2021,0.332495,0.151086,0.588379,0.319604,0.309497,0.041555,Membrane,Nucleus
ENSP00000340294,3.442645920871275,0.3479480672601252,3.09469785361115,High,0.559961,0.50083,0.306152,0.109906,0.369043,0.163049,0.034491,0.494043,0.37168,0.445605,0.182439,"Membrane, Cytoplasm",Cytoplasm
ENSP00000508017,3.3399798402080796,0.3145830042861603,3.0253968359219194,High,0.203101,0.465723,0.540869,0.142285,0.107904,0.358228,0.038514,0.315405,0.204858,0.222546,0.160849,Nucleus,Cytoplasm
ENSP00000481099,3.5047383887925214,0.42369361163799346,3.0810447771545277,High,0.252856,0.441602,0.479883,0.384814,0.168262,0.54751,0.064145,0.334473,0.14801,0.222131,0.152917,None,Nucleus
ENSP00000386688,3.5010753600525577,0.390288188325733,3.110787171726825,High,0.125146,0.425244,0.323437,0.532861,0.085547,0.281055,0.323938,0.24519,0.144946,0.117993,0.365918,None,Peroxisome
ENSP00000383710,3.4240989918923237,0.2070021875642418,3.217096804328082,High,0.185913,0.442139,0.446631,0.550195,0.183252,0.536523,0.052586,0.20874,0.134216,0.305444,0.172314,None,Nucleus
ENSP00000505459,3.624950837971371,0.42785628687565413,3.197094551095717,High,0.226099,0.405908,0.343555,0.444678,0.057968,0.469434,0.175269,0.289038,0.17959,0.242822,0.291187,None,Cytoplasm
ENSP00000458425,3.277444276316459,0.42627639989428173,2.8511678764221773,High,0.172778,0.443848,0.354687,0.479395,0.083496,0.368982,0.089377,0.081042,0.187463,0.140454,0.180817,None,Nucleus
ENSP00000433322,3.426164743816342,0.46032147484285785,2.965843268973484,High,0.315479,0.530713,0.4396,0.266943,0.16936,0.658105,0.05847,0.277539,0.11312,0.359277,0.16839,"Cytoplasm, Mitochondrion",Nucleus
ENSP00000500602,3.552959022945955,0.34000316465669833,3.2129558582892566,High,0.141406,0.474609,0.402783,0.345264,0.054855,0.444727,0.157294,0.211829,0.228491,0.2698,0.290625,Cytoplasm,Nucleus
ENSP00000501444,3.3306754532848952,0.36000998619452385,2.970665467090371,High,0.282275,0.5146,0.425049,0.133215,0.098608,0.196143,0.051048,0.218103,0.518945,0.455859,0.133796,Cytoplasm,Cytoplasm
ENSP00000497622,3.3080804001572934,0.17655095957821326,3.1315294405790803,High,0.332129,0.477441,0.380322,0.130463,0.185669,0.186963,0.026428,0.461133,0.54917,0.459668,0.072413,Cytoplasm,Nucleus
ENSP00000435798,3.3104053564377462,0.23580530828546237,3.0746000481522837,High,0.335303,0.553564,0.479639,0.216785,0.34873,0.459814,0.01061,0.221582,0.151965,0.237402,0.077592,Cytoplasm,"Cytoplasm, Nucleus"
ENSP00000386623,3.279687552432481,0.4569126047750963,2.822774947657385,High,0.141711,0.33335,0.548047,0.362012,0.042731,0.3229,0.028845,0.515771,0.22522,0.230408,0.19971,Nucleus,Nucleus
ENSP00000392425,3.658872834523504,0.37537195626345715,3.283500878260047,High,0.583203,0.466748,0.281323,0.294116,0.579785,0.548242,0.107544,0.248853,0.356592,0.603125,0.366846,"Membrane, Cell membrane",Endoplasmic reticulum
ENSP00000498206,3.294011508424685,0.1658729805478014,3.1281385278768834,High,0.311475,0.500342,0.387695,0.13252,0.162402,0.184497,0.021033,0.433887,0.501318,0.449707,0.074185,Cytoplasm,Nucleus
ENSP00000454999,3.367757998541205,0.38522256766268004,2.982535430878525,High,0.378467,0.426514,0.279932,0.262891,0.124304,0.316577,0.052055,0.328491,0.291479,0.116681,0.064108,None,Nucleus
ENSP00000498150,3.4300193370493286,0.2534632762615689,3.17655606078776,High,0.16438,0.560742,0.58623,0.337939,0.168677,0.43623,0.123083,0.174194,0.158752,0.145728,0.217731,"Cytoplasm, Nucleus",Nucleus
ENSP00000475146,3.6327406216744533,0.3403348164311007,3.2924058052433525,High,0.333887,0.475146,0.395605,0.188184,0.266431,0.482275,0.055191,0.309814,0.31123,0.399854,0.139642,Cytoplasm,Nucleus
ENSP00000413925,3.454833199344146,0.4282616056107597,3.026571593733386,High,0.219946,0.620215,0.423633,0.361255,0.237817,0.59043,0.017099,0.230145,0.314478,0.299487,0.179898,Cytoplasm,Cytoplasm
ENSP00000368745,3.315275232104424,0.25348288889223175,3.061792343212192,High,0.529687,0.591113,0.393799,0.103644,0.408301,0.305127,0.0143,0.285962,0.308105,0.333594,0.072556,"Membrane, Cytoplasm","Cytoplasm, Nucleus"
ENSP00000474048,3.3404615237427087,0.2532951945423069,3.087166329200402,High,0.174316,0.424512,0.408252,0.695898,0.173315,0.435498,0.021497,0.223901,0.142004,0.208472,0.397314,Extracellular,Nucleus
ENSP00000458596,3.6140493094415262,0.3076120183221122,3.306437291119414,High,0.440576,0.497461,0.314575,0.319263,0.30957,0.658008,0.059111,0.355835,0.271704,0.411938,0.150037,"Cytoplasm, Mitochondrion",Mitochondrion
ENSP00000469917,3.3446514457998195,0.20706432491695675,3.1375871208828627,High,0.226392,0.515918,0.450146,0.400391,0.117383,0.294043,0.023272,0.13573,0.282275,0.299878,0.118686,Cytoplasm,"Cytoplasm, Nucleus, Cell membrane"
ENSP00000432453,3.5241225859700767,0.3319521399018652,3.1921704460682117,High,0.472119,0.527539,0.383887,0.137378,0.307861,0.343213,0.021791,0.328906,0.409473,0.375928,0.144923,"Membrane, Cytoplasm",Cytoplasm
ENSP00000394699,3.2888035740335724,0.20285564028841616,3.0859479337451563,High,0.504736,0.598926,0.37915,0.098059,0.49082,0.23125,0.06138,0.281885,0.346777,0.221863,0.037795,"Membrane, Cytoplasm",Nucleus
ENSP00000472375,3.4663408228939794,0.28500403378651934,3.18133678910746,High,0.139563,0.625537,0.327979,0.384424,0.107324,0.259668,0.172473,0.256104,0.176306,0.253247,0.134131,Cytoplasm,Cytoplasm
ENSP00000467651,3.3396168133586532,0.2019643762511306,3.1376524371075227,High,0.182935,0.353809,0.441602,0.17417,0.110175,0.512793,0.225842,0.158887,0.091461,0.170789,0.126477,None,Cytoplasm
ENSP00000460067,3.3315845481587694,0.20594818884355665,3.1256363593152128,High,0.175977,0.425098,0.544531,0.413672,0.143213,0.438281,0.042116,0.18186,0.171143,0.168408,0.145789,Nucleus,Nucleus
ENSP00000436824,3.307475171992673,0.23860891227193948,3.0688662597207337,High,0.212134,0.529492,0.489795,0.112064,0.109412,0.388184,0.041449,0.310718,0.323437,0.275488,0.09397,Cytoplasm,"Cytoplasm, Nucleus"
ENSP00000428991,3.565295751413925,0.22259888021221497,3.34269687120171,High,0.363672,0.34668,0.401514,0.443359,0.177979,0.518164,0.057877,0.283472,0.352417,0.474463,0.086508,None,Cytoplasm
ENSP00000363959,3.447728701734658,0.4708117549675175,2.9769169467671404,High,0.25769,0.348682,0.576562,0.292957,0.098364,0.293042,0.01624,0.294287,0.287915,0.203723,0.280151,Nucleus,Nucleus
ENSP00000357457,3.3522120398300626,0.20333219754904872,3.148879842281014,High,0.293213,0.666699,0.354346,0.166492,0.274072,0.335596,0.013789,0.186963,0.291406,0.483447,0.117531,Cytoplasm,Golgi apparatus
ENSP00000497364,3.4700736677060284,0.24371880386612987,3.2263548638398984,High,0.276685,0.488477,0.441992,0.21792,0.156104,0.187292,0.039021,0.283911,0.478467,0.321753,0.13116,Cytoplasm,Nucleus
ENSP00000482839,3.671618487848126,0.31973689556969503,3.351881592278431,High,0.34104,0.433105,0.387988,0.335596,0.280933,0.518359,0.02084,0.343408,0.336548,0.390918,0.213904,None,"Cytoplasm, Nucleus"
ENSP00000479315,3.59675184557489,0.3438531197348581,3.2528987258400317,High,0.217603,0.414453,0.413379,0.527832,0.166028,0.627148,0.066476,0.277954,0.262671,0.407642,0.270361,None,Nucleus
ENSP00000464077,3.4496895476191076,0.30184760759145424,3.1478419400276536,High,0.217847,0.519727,0.443945,0.309155,0.126416,0.555566,0.109406,0.230322,0.30354,0.337183,0.053903,Cytoplasm,Nucleus
ENSP00000462344,3.5272872579704178,0.3602408540954474,3.1670464038749704,High,0.628906,0.243091,0.325879,0.195679,0.361621,0.403711,0.025246,0.547168,0.429395,0.4729,0.220251,Membrane,Nucleus
ENSP00000431638,3.3314611747465075,0.29284200491447315,3.0386191698320344,High,0.447754,0.493994,0.341895,0.095654,0.283716,0.432178,0.037944,0.44873,0.706348,0.416504,0.090775,"Cytoplasm, Lysosome/Vacuole",Cytoplasm
ENSP00000451256,3.277061906302503,0.3114882718895746,2.9655736344129284,High,0.47583,0.571094,0.305688,0.115686,0.45874,0.189917,0.009236,0.187451,0.327051,0.245312,0.117499,"Membrane, Cytoplasm","Cytoplasm, Nucleus, Cell membrane"
ENSP00000417662,3.4957584238077666,0.20778852108674312,3.2879699027210236,High,0.202197,0.530225,0.458936,0.334424,0.150562,0.500537,0.055304,0.234033,0.214014,0.169556,0.25957,Cytoplasm,Endoplasmic reticulum
ENSP00000335674,3.488996721023379,0.2305236342821811,3.2584730867411977,High,0.281128,0.415332,0.469482,0.214319,0.199414,0.543652,0.031975,0.268652,0.20686,0.193237,0.201135,None,"Cytoplasm, Cell membrane"
ENSP00000497176,3.595700812699145,0.28413639419833003,3.311564418500815,High,0.230396,0.417578,0.434326,0.523389,0.220801,0.507129,0.03842,0.293799,0.199341,0.320581,0.240308,None,Nucleus
ENSP00000467906,3.477109618772428,0.2337206268326817,3.2433889919397463,High,0.196069,0.49165,0.468311,0.35542,0.185327,0.500146,0.049802,0.231104,0.129614,0.271338,0.197009,Cytoplasm,Mitochondrion
ENSP00000420273,3.7401509286952312,0.20221122279806528,3.5379397058971658,High,0.471387,0.461377,0.344238,0.187793,0.509375,0.39541,0.130371,0.196484,0.232227,0.408643,0.251099,Membrane,Nucleus
ENSP00000378422,3.411218824846191,0.16686366237801492,3.2443551624681763,High,0.167383,0.515479,0.500684,0.496973,0.131689,0.362793,0.040892,0.244287,0.211877,0.195557,0.195081,Cytoplasm,Endoplasmic reticulum
ENSP00000455941,3.418627285620815,0.3222592710612143,3.0963680145596006,High,0.194824,0.307959,0.358423,0.533398,0.130383,0.583008,0.056015,0.193237,0.138,0.278125,0.2479,None,Nucleus
ENSP00000429166,3.5649617499310415,0.2928324879330433,3.272129261997998,High,0.207666,0.517285,0.298438,0.339453,0.123438,0.468896,0.08678,0.236987,0.148242,0.272412,0.331592,Cytoplasm,Cytoplasm
ENSP00000437580,3.3746153144878925,0.37677188496276875,2.997843429525124,High,0.245312,0.587402,0.536768,0.117206,0.213892,0.381592,0.118433,0.134644,0.326587,0.269531,0.074289,"Cytoplasm, Nucleus",Cytoplasm
ENSP00000427092,3.6002810080794596,0.1703541099091481,3.4299268981703115,High,0.372266,0.522119,0.34834,0.178882,0.366846,0.262231,0.080731,0.186353,0.282764,0.473145,0.136182,Cytoplasm,"Cytoplasm, Cell membrane, Endoplasmic reticulum"
ENSP00000422831,3.321310506767675,0.1860703388346262,3.135240167933049,High,0.352734,0.557324,0.3771,0.063893,0.274048,0.238953,0.047227,0.200269,0.265308,0.333813,0.080699,Cytoplasm,"Cytoplasm, Cell membrane, Endoplasmic reticulum"
ENSP00000451268,3.276856822823475,0.25134405220162126,3.025512770621854,High,0.371875,0.504541,0.409155,0.069312,0.209888,0.281934,0.053839,0.261206,0.267017,0.2203,0.04275,Cytoplasm,"Cytoplasm, Nucleus, Cell membrane"
ENSP00000346473,3.763442240165464,0.2202245195018108,3.543217720663653,High,0.260718,0.422266,0.364185,0.528223,0.192334,0.393994,0.156116,0.369775,0.204956,0.261621,0.20769,None,Nucleus
ENSP00000435724,3.7836097099482693,0.20022585829015443,3.5833838516581147,High,0.338574,0.407959,0.461963,0.151208,0.303003,0.377832,0.143298,0.302881,0.201367,0.266016,0.316235,None,Nucleus
ENSP00000481500,3.654528317815138,0.2657400900659683,3.3887882277491697,High,0.245679,0.439795,0.401807,0.247363,0.151514,0.42583,0.047562,0.413867,0.289551,0.319873,0.27019,None,"Cytoplasm, Nucleus"
ENSP00000386558,3.3426972615155863,0.2111085544768081,3.1315887070387785,High,0.348975,0.437793,0.434619,0.1302,0.166602,0.220837,0.071634,0.159058,0.24563,0.206836,0.079916,None,Golgi apparatus
ENSP00000505003,3.650389913611301,0.34414960380440096,3.3062403098069,High,0.204907,0.494678,0.339966,0.329065,0.123791,0.464844,0.172266,0.21106,0.198999,0.231689,0.231549,Cytoplasm,"Cytoplasm, Nucleus"
ENSP00000393196,3.5209009176544765,0.23174225417545186,3.2891586634790246,High,0.236328,0.459082,0.445166,0.419678,0.193286,0.499463,0.025354,0.231567,0.242798,0.395117,0.157349,None,"Cytoplasm, Nucleus"
ENSP00000442180,3.503837729832498,0.19630730634762822,3.3075304234848697,High,0.204736,0.497705,0.513574,0.343506,0.118091,0.395459,0.0524,0.226587,0.268066,0.273413,0.175018,Cytoplasm,Cell membrane
ENSP00000422612,3.7232133165311696,0.19587941094648248,3.5273339055846873,High,0.426563,0.483301,0.314502,0.239014,0.383838,0.363086,0.212952,0.148962,0.230078,0.471631,0.126526,Cytoplasm,"Cytoplasm, Cell membrane, Endoplasmic reticulum"
ENSP00000484730,3.2928342647898416,0.1471500972475478,3.145684167542294,High,0.278101,0.228271,0.214697,0.802344,0.221851,0.283252,0.040063,0.346582,0.261865,0.317676,0.072375,Extracellular,Cell membrane
ENSP00000440305,3.706746092312963,0.2034142383458405,3.5033318539671225,High,0.31582,0.347656,0.256152,0.238379,0.159827,0.54541,0.557275,0.35791,0.188403,0.199683,0.216504,None,Mitochondrion
ENSP00000421230,3.631232462084805,0.1737829002257954,3.4574495618590095,High,0.382812,0.51084,0.313623,0.239038,0.371045,0.275757,0.102234,0.17793,0.26521,0.490332,0.116013,Cytoplasm,"Cytoplasm, Cell membrane, Endoplasmic reticulum"
ENSP00000333624,3.574812094430547,0.20544556616623016,3.369366528264317,High,0.22771,0.479248,0.413672,0.435986,0.153345,0.493848,0.043027,0.217188,0.242163,0.253467,0.315942,Cytoplasm,Nucleus
ENSP00000472837,3.2911364159369554,0.4405279662797845,2.850608449657171,High,0.176978,0.646191,0.517725,0.445947,0.176733,0.33208,0.018333,0.207593,0.152191,0.140155,0.383479,Cytoplasm,Cell membrane
ENSP00000471034,3.363163094839033,0.7474659712854419,2.6156971235535913,High,0.231934,0.256714,0.326318,0.588428,0.078809,0.67373,0.049425,0.341187,0.159787,0.459473,0.326797,Mitochondrion,Golgi apparatus
ENSP00000430836,3.355734287765071,0.2070088642174498,3.148725423547621,High,0.211548,0.504443,0.506689,0.075912,0.155054,0.354761,0.0539,0.216797,0.1552,0.238574,0.413208,Cytoplasm,Nucleus
ENSP00000412812,3.2853934945423844,0.1962078010235862,3.089185693518798,High,0.564697,0.58457,0.360059,0.086566,0.521289,0.278345,0.059979,0.297778,0.365869,0.259253,0.038908,"Membrane, Cytoplasm",Nucleus
ENSP00000489222,3.5626536655884005,0.2476534804191689,3.3150001851692315,High,0.299609,0.238354,0.226709,0.659473,0.157959,0.300098,0.113977,0.478564,0.286328,0.373389,0.134552,Extracellular,Cell membrane
ENSP00000294521,3.451709439495603,0.24437157344272734,3.207337866052876,High,0.520312,0.620508,0.269189,0.20376,0.620313,0.248547,0.037177,0.250806,0.360059,0.319922,0.161366,"Membrane, Cytoplasm, Cell membrane",Cell membrane
ENSP00000464183,3.360324687527379,0.21217202208773278,3.148152665439646,High,0.433203,0.337451,0.386865,0.106274,0.185449,0.351123,0.02793,0.498682,0.526367,0.472461,0.083133,None,Golgi apparatus
ENSP00000403920,3.2998247635424414,0.4941402320561475,2.805684531486294,High,0.228674,0.660547,0.420703,0.063889,0.182397,0.108746,0.074344,0.195795,0.447803,0.394482,0.284666,Cytoplasm,"Cytoplasm, Nucleus"
ENSP00000454778,3.327112810738744,0.26126994796977066,3.0658428627689736,High,0.272241,0.570996,0.484424,0.150113,0.274072,0.348242,0.00847,0.303613,0.257959,0.211426,0.088571,Cytoplasm,"Cytoplasm, Nucleus"
ENSP00000451544,3.470184097091409,0.29589701708269156,3.1742870800087175,High,0.219727,0.51333,0.271851,0.16095,0.085291,0.407568,0.215137,0.152942,0.306006,0.370166,0.094611,Cytoplasm,Cytoplasm
ENSP00000482082,3.278826444592088,0.16117981674523854,3.1176466278468493,High,0.130713,0.531934,0.488672,0.471289,0.075604,0.343945,0.118756,0.153345,0.17981,0.234253,0.09325,Cytoplasm,"Cytoplasm, Cell membrane"
ENSP00000418261,3.3251340471270416,0.40647209221650277,2.918661954910539,High,0.275928,0.423535,0.188647,0.160535,0.073932,0.73457,0.318237,0.201917,0.145837,0.111139,0.332935,Mitochondrion,Mitochondrion
ENSP00000429362,3.764529685861332,0.23359621769076855,3.5309334681705637,High,0.267065,0.408301,0.429932,0.270044,0.157935,0.324951,0.100977,0.282129,0.283032,0.318945,0.308203,None,Nucleus
ENSP00000504761,3.3399916484398013,0.3524205336551485,2.987571114784653,High,0.574316,0.22334,0.204028,0.317407,0.26875,0.261865,0.012458,0.60708,0.359863,0.519482,0.098654,Membrane,Golgi apparatus
ENSP00000474618,3.2905549385816313,0.23056428973520818,3.0599906488464232,High,0.156299,0.476611,0.595996,0.350464,0.143604,0.322803,0.025562,0.184814,0.134119,0.274341,0.165424,"Cytoplasm, Nucleus",Nucleus
ENSP00000446554,3.339287349089457,0.2075790944468901,3.1317082546425667,High,0.535791,0.572363,0.351562,0.098047,0.463232,0.28562,0.071954,0.264404,0.353833,0.248169,0.036761,"Membrane, Cytoplasm",Nucleus
ENSP00000439818,3.7405940542030285,0.40554692561707406,3.3350471285859546,High,0.373486,0.392041,0.256543,0.235242,0.184644,0.41001,0.18349,0.480762,0.155872,0.233618,0.248749,None,Mitochondrion
ENSP00000428129,3.3259512587084656,0.2982668187666873,3.0276844399417784,High,0.185449,0.47417,0.505713,0.522168,0.208582,0.607959,0.023524,0.180444,0.217798,0.328931,0.117145,Cytoplasm,Nucleus
ENSP00000420578,3.5030320489753763,0.2590374738023733,3.2439945751730033,High,0.165723,0.481055,0.455127,0.562549,0.166479,0.574902,0.055118,0.246289,0.252515,0.355908,0.222644,Cytoplasm,Nucleus
ENSP00000363197,3.6181880658323418,0.24716671424603429,3.3710213515863074,High,0.476807,0.182324,0.143469,0.639551,0.253052,0.277319,0.140637,0.454492,0.361768,0.465576,0.212012,Membrane,Cell membrane
ENSP00000487557,3.4756745603814365,0.14213347799879472,3.333541082382642,High,0.212646,0.469775,0.447754,0.468066,0.142847,0.372705,0.07821,0.218701,0.229541,0.273438,0.082953,Cytoplasm,Nucleus
ENSP00000407002,3.3442158301773595,0.4032142214864739,2.9410016086908857,High,0.328052,0.615479,0.392041,0.130005,0.405127,0.516357,0.05304,0.187012,0.432178,0.293677,0.049342,Cytoplasm,"Cytoplasm, Cell membrane"
ENSP00000217185,3.4815163373495004,0.21758045948075824,3.263935877868742,High,0.222998,0.580225,0.463965,0.441943,0.246362,0.335498,0.010307,0.199524,0.230371,0.290039,0.226538,Cytoplasm,"Cytoplasm, Nucleus"
ENSP00000479486,3.5960355804709097,0.2329025008978258,3.363133079573084,High,0.246826,0.444531,0.437598,0.247034,0.176025,0.426563,0.027412,0.360352,0.246509,0.232764,0.3104,None,"Cytoplasm, Cell membrane"
ENSP00000479441,3.6053404816790877,0.30995764530426967,3.295382836374818,High,0.486719,0.412793,0.306592,0.184265,0.3604,0.460254,0.020265,0.431543,0.393701,0.329419,0.190833,Membrane,Nucleus
ENSP00000439667,3.483131282194338,0.290166109047088,3.19296517314725,High,0.166577,0.383203,0.432471,0.401904,0.116272,0.724316,0.130078,0.187695,0.186462,0.283301,0.273376,Mitochondrion,Nucleus
ENSP00000412249,3.46606293391913,0.3444501361515015,3.1216127977676287,High,0.375977,0.485156,0.455859,0.254773,0.344189,0.448096,0.017395,0.233496,0.227051,0.317261,0.080692,Cytoplasm,Cell membrane
ENSP00000306362,3.3933305799822717,0.36422527403817223,3.0291053059440993,High,0.256079,0.491943,0.484082,0.22251,0.078717,0.547314,0.043591,0.377246,0.245923,0.429492,0.132361,Cytoplasm,Cytoplasm
ENSP00000496961,3.312126628869979,0.1674747476160447,3.1446518812539344,High,0.327148,0.519141,0.405957,0.123682,0.151575,0.161572,0.036978,0.372803,0.530566,0.435596,0.087553,Cytoplasm,Nucleus
ENSP00000443968,3.451784834156915,0.3738522135336309,3.077932620623284,High,0.185693,0.558252,0.611426,0.230127,0.164758,0.455371,0.089252,0.205896,0.202783,0.198608,0.221465,"Cytoplasm, Nucleus",Cytoplasm
ENSP00000431368,3.4291018584484276,0.24947442773525236,3.1796274307131753,High,0.230664,0.494434,0.575586,0.300098,0.124084,0.692187,0.071721,0.237451,0.2125,0.279565,0.221655,"Cytoplasm, Nucleus, Mitochondrion",Cytoplasm
ENSP00000338932,3.502365328581903,0.2428460934340682,3.259519235147835,High,0.155493,0.447119,0.533301,0.229846,0.073102,0.356641,0.118018,0.25083,0.21189,0.211047,0.320715,Nucleus,Mitochondrion
ENSP00000435800,3.5217185629237306,0.36276288086193376,3.158955682061797,High,0.718652,0.225391,0.258911,0.146674,0.411914,0.36875,0.103394,0.503467,0.431445,0.481152,0.155096,Membrane,"Endoplasmic reticulum, Golgi apparatus"
ENSP00000416644,3.3879555287977863,0.27226655170840564,3.1156889770893805,High,0.230127,0.537061,0.262817,0.418677,0.161523,0.219312,0.066785,0.221484,0.173987,0.286719,0.076096,Cytoplasm,Cytoplasm
ENSP00000389303,3.461030118249245,0.31394296135553995,3.147087156893705,High,0.212036,0.516943,0.442334,0.280981,0.14801,0.515967,0.024415,0.195435,0.290747,0.228052,0.509961,Cytoplasm,Cytoplasm
ENSP00000493744,3.3472921177073984,0.23925235136510573,3.1080397663422925,High,0.1677,0.631445,0.413428,0.141565,0.066943,0.441748,0.053134,0.28606,0.275635,0.260645,0.271777,Cytoplasm,Nucleus
ENSP00000450525,3.3013298081573006,0.14378663214029502,3.1575431760170054,High,0.207007,0.520264,0.405371,0.308496,0.199829,0.277466,0.089105,0.100757,0.143567,0.218945,0.061264,Cytoplasm,Nucleus
ENSP00000492536,3.308623271033541,0.29636939184558264,3.0122538791879583,High,0.142468,0.566602,0.407959,0.650293,0.102686,0.290308,0.153033,0.153674,0.214307,0.115729,0.579932,"Cytoplasm, Extracellular",Nucleus
ENSP00000430889,3.574658380734098,0.22965596862011087,3.345002412113987,High,0.222705,0.47168,0.508643,0.320703,0.124719,0.246704,0.147357,0.226465,0.192456,0.295215,0.141217,Cytoplasm,"Nucleus, Cell membrane"
ENSP00000425460,3.515388318830635,0.31615269959639414,3.1992356192342406,High,0.596973,0.249512,0.301758,0.170886,0.121277,0.537158,0.189526,0.632031,0.131714,0.36311,0.373535,"Membrane, Endoplasmic reticulum",Nucleus
ENSP00000393696,3.312124695388614,0.3380515664291163,2.974073128959498,High,0.128528,0.300928,0.421191,0.691406,0.084045,0.422852,0.13139,0.223291,0.10694,0.173145,0.263672,Extracellular,Mitochondrion
ENSP00000455767,3.589812149781432,0.5567491768099909,3.033062972971441,High,0.19552,0.36499,0.314795,0.42583,0.157922,0.569385,0.073653,0.408398,0.168213,0.25791,0.278845,None,"Cytoplasm, Nucleus"
ENSP00000460301,3.3265171096928925,0.3172292695604307,3.009287840132462,High,0.351367,0.426074,0.407959,0.085342,0.219019,0.273755,0.013916,0.297266,0.272241,0.513867,0.089499,None,"Cytoplasm, Nucleus"
ENSP00000446783,3.4975330259397013,0.2358954595084975,3.2616375664312036,High,0.134607,0.493652,0.480322,0.361914,0.096082,0.261475,0.340039,0.272607,0.2021,0.170642,0.105475,Cytoplasm,Nucleus
ENSP00000446665,3.581473108932424,0.2536207508059634,3.3278523581264605,High,0.189661,0.511133,0.472803,0.36582,0.157825,0.459961,0.178235,0.213257,0.180701,0.235205,0.130725,Cytoplasm,Cytoplasm
ENSP00000443772,3.536208438785992,0.4841266556404882,3.0520817831455034,High,0.510059,0.489014,0.327905,0.400708,0.373779,0.28501,0.020025,0.183447,0.271729,0.243506,0.165747,"Membrane, Cytoplasm",Cytoplasm
ENSP00000435556,3.565144601676631,0.17478842822547372,3.390356173451157,High,0.482129,0.528662,0.380908,0.116382,0.459033,0.263647,0.056561,0.413623,0.286328,0.440723,0.171997,"Membrane, Cytoplasm","Nucleus, Cell membrane"
ENSP00000424323,3.371335044256768,0.23847886032705568,3.1328561839297127,High,0.143579,0.561865,0.484082,0.260815,0.128577,0.434375,0.032418,0.187146,0.189624,0.222168,0.396509,Cytoplasm,"Cytoplasm, Nucleus"
ENSP00000434141,3.4071484098524034,0.19241132106252304,3.2147370887898803,High,0.210547,0.452441,0.340063,0.449902,0.135651,0.695703,0.070273,0.204761,0.146082,0.312646,0.189001,Mitochondrion,Nucleus
ENSP00000401748,3.614217008038427,0.51747548213683,3.0967415259015967,High,0.119666,0.556104,0.381982,0.344189,0.077405,0.330518,0.298438,0.279224,0.267139,0.258899,0.190085,Cytoplasm,Endoplasmic reticulum
ENSP00000463892,3.509656902325176,0.31821580013718487,3.191441102187991,High,0.379199,0.387402,0.441016,0.125128,0.17887,0.305786,0.051175,0.392432,0.509277,0.494873,0.137012,None,Golgi apparatus
ENSP00000453357,3.5681545134848776,0.29807229550648495,3.2700822179783926,High,0.26355,0.412402,0.365332,0.464697,0.232324,0.605762,0.022007,0.256274,0.271704,0.391504,0.215186,None,"Cytoplasm, Mitochondrion"
ENSP00000343218,3.2811635950435263,0.3437678505342665,2.93739574450926,High,0.153271,0.464648,0.532861,0.343799,0.120398,0.504297,0.010532,0.177271,0.235596,0.177161,0.219963,Nucleus,Nucleus
ENSP00000479447,3.3302037098992927,0.23432453007101064,3.095879179828282,High,0.109277,0.501318,0.412598,0.616211,0.075464,0.585645,0.258472,0.188086,0.110541,0.212598,0.220862,Cytoplasm,Golgi apparatus
ENSP00000409858,3.2977145004571553,0.18763113121378522,3.11008336924337,High,0.213354,0.468408,0.620215,0.230859,0.143335,0.335205,0.037732,0.191699,0.132251,0.215308,0.161981,Nucleus,Nucleus
ENSP00000505503,3.3813257408841877,0.2502633734435229,3.1310623674406646,High,0.156299,0.449805,0.373291,0.66543,0.11366,0.462305,0.218323,0.136975,0.098486,0.190967,0.234631,Extracellular,"Cytoplasm, Nucleus"
ENSP00000493139,3.4697065983287745,0.22495434287174543,3.244752255457029,High,0.253833,0.258984,0.209229,0.634082,0.073346,0.386963,0.07626,0.409424,0.296387,0.357324,0.1771,None,Nucleus
ENSP00000482498,3.642265191025957,0.28643966063805065,3.3558255303879063,High,0.253882,0.381641,0.371045,0.546436,0.101245,0.52915,0.34812,0.237354,0.137292,0.184241,0.340967,None,Cytoplasm
ENSP00000414661,3.448556073248104,0.5652696505038974,2.8832864227442068,High,0.162927,0.595508,0.509375,0.425269,0.068436,0.530957,0.122723,0.219238,0.290894,0.419629,0.173099,Cytoplasm,Nucleus
ENSP00000407464,3.4257936854027156,0.20468674272408469,3.221106942678631,High,0.311523,0.57373,0.350293,0.305005,0.31333,0.409277,0.026281,0.215076,0.243555,0.376123,0.04856,Cytoplasm,Cell membrane
ENSP00000471518,3.335177673448478,0.35724158346144097,2.977936089987037,High,0.241089,0.201758,0.146228,0.780859,0.164563,0.385596,0.361853,0.197461,0.332739,0.364307,0.031288,Extracellular,Cell membrane
ENSP00000420568,3.322511279105365,0.2122240474319631,3.110287231673402,High,0.176697,0.493945,0.440137,0.544336,0.205591,0.430469,0.032001,0.16106,0.137769,0.244409,0.130603,Cytoplasm,Nucleus
ENSP00000499772,3.5410909150183123,0.41270821539684904,3.128382699621463,High,0.200488,0.32124,0.31145,0.509961,0.105365,0.481445,0.097675,0.367163,0.157581,0.31394,0.179611,None,Nucleus
ENSP00000355831,3.4957743504314585,0.31138054746903915,3.1843938029624193,High,0.127002,0.466602,0.415869,0.556152,0.087762,0.454639,0.258008,0.238916,0.105884,0.198071,0.322021,None,"Cytoplasm, Nucleus"
ENSP00000505087,3.528277375056561,0.19015950816910843,3.3381178668874525,High,0.260571,0.481934,0.52793,0.20332,0.198633,0.350049,0.0698,0.215723,0.203809,0.284766,0.142761,"Cytoplasm, Nucleus",Mitochondrion
ENSP00000502095,3.8890733384458285,0.22326584376161757,3.665807494684211,High,0.276953,0.427734,0.384912,0.423584,0.171436,0.445117,0.188184,0.325659,0.312476,0.370459,0.324585,None,"Cytoplasm, Cell membrane, Endoplasmic reticulum"
ENSP00000464419,3.4466125549712574,0.2395489122512111,3.2070636427200463,High,0.168408,0.536328,0.537939,0.439111,0.142017,0.444775,0.038474,0.315405,0.188647,0.190796,0.294568,"Cytoplasm, Nucleus",Cytoplasm
ENSP00000502101,3.510552393518366,0.39195504603483866,3.1185973474835276,High,0.222168,0.559277,0.378125,0.132727,0.104736,0.37959,0.084229,0.250586,0.229431,0.310425,0.276508,Cytoplasm,Nucleus
ENSP00000464089,3.342429431205986,0.3045901971354868,3.0378392340704994,High,0.403271,0.534375,0.507275,0.125208,0.240479,0.245239,0.030499,0.147314,0.28772,0.469189,0.113881,Cytoplasm,Golgi apparatus
ENSP00000430095,3.4160344079919067,0.341675812293034,3.0743585956988726,High,0.408398,0.455225,0.370996,0.109729,0.142578,0.561035,0.047461,0.414404,0.433936,0.538672,0.139227,None,"Cytoplasm, Nucleus"
ENSP00000406980,3.6670290051318615,0.23275008086970278,3.4342789242621587,High,0.354346,0.504785,0.33335,0.202637,0.315625,0.450879,0.127832,0.279248,0.181982,0.281445,0.1209,Cytoplasm,Cytoplasm
ENSP00000454124,3.550273256719661,0.20010080463184382,3.350172452087817,High,0.173462,0.526172,0.480078,0.380566,0.146179,0.344727,0.061308,0.24519,0.272192,0.228247,0.220068,Cytoplasm,Nucleus
ENSP00000421209,3.4377324647453062,0.27845555639404845,3.159276908351258,High,0.166675,0.465674,0.509717,0.317456,0.121936,0.465918,0.062988,0.243335,0.197839,0.260425,0.138721,None,Cytoplasm
ENSP00000404242,3.568721957744652,0.24784101275470397,3.320880944989948,High,0.412256,0.341895,0.314966,0.586426,0.318018,0.266528,0.122205,0.398291,0.161499,0.198047,0.0814,None,Cytoplasm
ENSP00000453826,3.603483659946241,0.24611318283182507,3.357370477114416,High,0.246069,0.400488,0.505029,0.210242,0.173975,0.47666,0.055042,0.268579,0.246411,0.240649,0.299292,None,Nucleus
ENSP00000504953,3.3652130945171277,0.1721507769496332,3.1930623175674944,High,0.246899,0.392432,0.496973,0.360156,0.121436,0.195068,0.068677,0.216089,0.226013,0.312573,0.049118,None,Nucleus
ENSP00000450740,3.308922526897157,0.22462885071149435,3.0842936761856627,High,0.162366,0.326123,0.553711,0.284985,0.108679,0.177173,0.310937,0.249097,0.068622,0.091724,0.172375,Nucleus,"Cytoplasm, Nucleus"
ENSP00000323414,3.6886753609901533,0.26325564254078787,3.4254197184493655,High,0.211572,0.506787,0.448682,0.31377,0.195532,0.433594,0.08385,0.304199,0.324829,0.336865,0.180811,Cytoplasm,Cell membrane
ENSP00000503038,3.657904127232384,0.31910775568126704,3.338796371551117,High,0.301807,0.434277,0.367627,0.417041,0.127026,0.610645,0.115244,0.280176,0.208789,0.303491,0.243073,None,Cytoplasm
ENSP00000486916,3.4590341555066795,0.4078040079116609,3.0512301475950188,High,0.208057,0.50332,0.423877,0.153491,0.189636,0.490234,0.017373,0.246265,0.365967,0.197229,0.343225,Cytoplasm,Nucleus
ENSP00000462962,3.308426824887416,0.4566846456571661,2.85174217923025,High,0.158997,0.419482,0.415332,0.516895,0.06586,0.641748,0.088153,0.251685,0.123654,0.265259,0.181856,Mitochondrion,Cytoplasm
ENSP00000456998,3.3469292362917162,0.3112213235498746,3.0357079127418416,High,0.146143,0.539307,0.523438,0.29751,0.202563,0.551025,0.028389,0.246533,0.158777,0.222559,0.179907,Cytoplasm,Nucleus
ENSP00000339093,3.6803558974576465,0.3055997219334894,3.374756175524157,High,0.544629,0.396338,0.342334,0.225415,0.258521,0.446338,0.063577,0.428564,0.267993,0.433594,0.191458,Membrane,Golgi apparatus
ENSP00000451510,3.4572798694597355,0.15147296902227161,3.3058069004374637,High,0.190552,0.458252,0.452148,0.403955,0.123767,0.354834,0.094736,0.148987,0.185864,0.261816,0.126886,None,Cytoplasm
ENSP00000434474,3.551050013668994,0.17159598393591702,3.379454029733077,High,0.216675,0.535059,0.407813,0.388818,0.2271,0.513184,0.043811,0.235425,0.24668,0.343018,0.148425,Cytoplasm,Nucleus
ENSP00000404012,3.4906478031119206,0.301650073645539,3.1889977294663816,High,0.20791,0.449658,0.453418,0.441699,0.199243,0.619629,0.031853,0.20957,0.300977,0.306641,0.176331,None,"Cytoplasm, Nucleus"
ENSP00000498848,3.4997304090065353,0.20844209413267897,3.2912883148738565,High,0.206714,0.402002,0.372168,0.544482,0.091168,0.469189,0.152051,0.234229,0.098254,0.233057,0.23761,None,Nucleus
ENSP00000489370,3.657208892917257,0.2133807797653463,3.4438281131519104,High,0.250415,0.462061,0.417627,0.479639,0.137671,0.5271,0.107538,0.277319,0.256348,0.309009,0.195081,None,Cytoplasm
ENSP00000402322,3.3352497014695444,0.20453692413388397,3.1307127773356602,High,0.364648,0.492236,0.43999,0.11832,0.166406,0.221094,0.050082,0.170972,0.234058,0.326733,0.089011,Cytoplasm,"Cytoplasm, Cell membrane"
ENSP00000431233,3.4832080802785366,0.324189415406405,3.1590186648721317,High,0.216675,0.375879,0.257642,0.609473,0.118799,0.653711,0.170898,0.319409,0.167053,0.348828,0.133783,Mitochondrion,Endoplasmic reticulum
ENSP00000421839,3.5791412978104358,0.2026536443411598,3.376487653469276,High,0.215527,0.465479,0.35686,0.458398,0.148315,0.375195,0.036295,0.32373,0.266357,0.330811,0.18551,None,"Cytoplasm, Nucleus"
ENSP00000392767,3.355717826688459,0.27640277395451285,3.079315052733946,High,0.329834,0.616895,0.337695,0.261646,0.336816,0.153101,0.028563,0.193652,0.283008,0.225732,0.08391,Cytoplasm,Cytoplasm
ENSP00000372656,3.620518790744556,0.22320640292923727,3.397312387815319,High,0.153906,0.497168,0.379248,0.503076,0.059906,0.469434,0.269434,0.32002,0.183569,0.353955,0.263245,Cytoplasm,Cell membrane
ENSP00000350398,3.3314782183934,0.16523816196639363,3.1662400564270063,High,0.152661,0.560059,0.512354,0.434668,0.117615,0.309668,0.080341,0.143274,0.168213,0.208789,0.159131,Cytoplasm,Mitochondrion
ENSP00000506567,3.5149380270207136,0.26905834614810553,3.245879680872608,High,0.202734,0.524658,0.321704,0.440723,0.195117,0.371191,0.296997,0.129529,0.089825,0.226733,0.127011,Cytoplasm,"Cytoplasm, Nucleus"
ENSP00000482941,3.3944217059377784,0.2253970606835133,3.169024645254265,High,0.324268,0.575098,0.281372,0.157849,0.261987,0.532764,0.157404,0.18042,0.134351,0.245386,0.056343,Cytoplasm,Mitochondrion
ENSP00000475468,3.576000967586171,0.2904091464436688,3.285591821142502,High,0.211768,0.415332,0.436523,0.249731,0.108557,0.482275,0.163611,0.230811,0.163013,0.246057,0.176312,None,Nucleus
ENSP00000463707,3.5558483003076993,0.18199901633313018,3.373849283974569,High,0.188184,0.53877,0.491064,0.453857,0.121387,0.453467,0.278979,0.258008,0.181226,0.287646,0.086905,Cytoplasm,Cell membrane
ENSP00000453788,3.5488294764355834,0.20267901631218835,3.346150460123395,High,0.205005,0.457471,0.4375,0.487158,0.123865,0.523633,0.144519,0.224414,0.209229,0.334326,0.114563,None,"Cytoplasm, Nucleus"
ENSP00000443808,3.49473078967861,0.2304508723041847,3.2642799173744255,High,0.193481,0.424756,0.342676,0.390527,0.112415,0.625684,0.174829,0.227881,0.153723,0.251221,0.128009,None,"Nucleus, Golgi apparatus"
ENSP00000458914,3.356918294619519,0.2095651605670234,3.1473531340524956,High,0.182764,0.496777,0.521387,0.398389,0.145667,0.573242,0.052737,0.137317,0.273682,0.209058,0.148584,Cytoplasm,Mitochondrion
ENSP00000471320,3.379917661948926,0.25162329312805176,3.1282943688208746,High,0.143677,0.401709,0.357764,0.619434,0.121924,0.472998,0.118579,0.194165,0.110577,0.243188,0.170038,None,Cytoplasm
ENSP00000466948,3.363073830313826,0.2505226872750407,3.1125511430387856,High,0.276758,0.41792,0.475488,0.190015,0.076349,0.539697,0.097128,0.220007,0.147998,0.221924,0.132886,None,Cytoplasm
ENSP00000421278,3.292249912854457,0.21940073181067138,3.0728491810437855,High,0.154297,0.508057,0.621094,0.101172,0.105273,0.223181,0.101221,0.20835,0.320581,0.237891,0.162909,"Cytoplasm, Nucleus",Nucleus
ENSP00000404471,3.375631682598713,0.17523276043222713,3.2003989221664857,High,0.224561,0.264917,0.201831,0.653613,0.230078,0.309253,0.023901,0.251978,0.200195,0.287231,0.134167,Extracellular,Cell membrane
ENSP00000450530,3.442001371692057,0.1516054603558595,3.2903959113361974,High,0.186646,0.415771,0.51123,0.392627,0.140942,0.338135,0.091351,0.155725,0.170898,0.213086,0.136041,None,Cytoplasm
ENSP00000445750,3.527296562668812,0.2526102413205285,3.2746863213482835,High,0.156995,0.515625,0.410229,0.392725,0.163452,0.374268,0.229834,0.194995,0.095807,0.164795,0.197021,Cytoplasm,Cytoplasm
ENSP00000441344,3.410055299588413,0.2621811590004708,3.147874140587942,High,0.147937,0.452686,0.442139,0.24856,0.06944,0.431201,0.141638,0.248853,0.149109,0.175024,0.171027,None,Mitochondrion
ENSP00000437258,3.663988372983775,0.1814707091422952,3.48251766384148,High,0.356836,0.456592,0.41665,0.164905,0.253442,0.276929,0.078491,0.267114,0.224316,0.284741,0.209656,None,"Endoplasmic reticulum, Golgi apparatus"
ENSP00000317413,3.2793107606786633,0.2248310972093573,3.054479663469306,High,0.144861,0.52832,0.506982,0.367871,0.064954,0.323779,0.081673,0.114087,0.151672,0.172241,0.404517,Cytoplasm,Nucleus
ENSP00000496807,3.4803536126692967,0.25010622401239263,3.230247388656904,High,0.32019,0.462451,0.358105,0.242566,0.30813,0.352319,0.016803,0.197021,0.291602,0.3625,0.079651,None,Cell membrane
ENSP00000363886,3.373311829042588,0.4657583401718112,2.907553488870777,High,0.291626,0.502588,0.537354,0.340686,0.10307,0.225269,0.019383,0.234839,0.452393,0.492236,0.13788,"Cytoplasm, Nucleus",Nucleus
ENSP00000484031,3.5786040408519604,0.35194930937897734,3.226654731472983,High,0.194751,0.489502,0.378638,0.526123,0.177319,0.390967,0.079877,0.182153,0.246631,0.17627,0.384131,Cytoplasm,Nucleus
ENSP00000466596,3.292171448035754,0.24063099429109946,3.0515404537446544,High,0.16217,0.466357,0.401367,0.224988,0.069781,0.490723,0.09364,0.2104,0.155664,0.242993,0.093265,None,Nucleus
ENSP00000454914,3.455165482125964,0.48179030736130535,2.9733751747646586,High,0.14397,0.418896,0.278076,0.566504,0.121277,0.635205,0.11474,0.350146,0.141919,0.331763,0.215379,None,Cytoplasm
ENSP00000432841,3.752548729532177,0.42515781299275157,3.327390916539425,High,0.389355,0.36792,0.413965,0.311548,0.185864,0.600098,0.12276,0.556885,0.280908,0.42915,0.399524,None,Golgi apparatus
ENSP00000416332,3.4717130968802303,0.23070563028243263,3.2410074665977975,High,0.204272,0.461133,0.446533,0.210938,0.076367,0.433301,0.099008,0.324365,0.187842,0.256787,0.151459,None,Cell membrane
ENSP00000495146,3.292825674876466,0.16944046987751535,3.1233852049989506,High,0.216235,0.45415,0.321143,0.201733,0.181323,0.325488,0.170538,0.143738,0.080743,0.154785,0.059622,None,Cytoplasm
ENSP00000473892,3.584774890430542,0.22724466353031783,3.357530226900224,High,0.180029,0.458594,0.483447,0.333081,0.126648,0.45166,0.156506,0.211987,0.266479,0.289478,0.116064,None,Mitochondrion
ENSP00000447669,3.5309338908489813,0.18652902022001444,3.344404870628967,High,0.192285,0.50918,0.438623,0.429639,0.098627,0.349414,0.114661,0.264819,0.177051,0.271997,0.155103,Cytoplasm,Cytoplasm
ENSP00000432739,3.3009961770935483,0.2959993797193183,3.00499679737423,High,0.635059,0.223828,0.191406,0.164447,0.139856,0.743066,0.146191,0.495068,0.187537,0.219214,0.159442,"Membrane, Mitochondrion",Mitochondrion
ENSP00000417786,3.7398165367844376,0.24895848696520265,3.4908580498192348,High,0.197607,0.42207,0.483105,0.357764,0.091089,0.362988,0.218274,0.336084,0.267944,0.241235,0.467578,None,Nucleus
ENSP00000481472,3.602380863099074,0.21556328778997333,3.386817575309101,High,0.351123,0.473096,0.275171,0.581152,0.175903,0.454102,0.161066,0.240381,0.15946,0.221826,0.147791,Cytoplasm,Mitochondrion
ENSP00000426046,3.4186022709640747,0.44685356962768774,2.971748701336387,High,0.342334,0.462793,0.416357,0.102936,0.199097,0.214417,0.049478,0.291907,0.533398,0.431079,0.106532,None,"Cytoplasm, Nucleus"
ENSP00000424002,3.5220442604992734,0.21470474554724495,3.3073395149520284,High,0.331543,0.556738,0.409082,0.319629,0.213525,0.221118,0.117297,0.292725,0.178003,0.500635,0.061655,Cytoplasm,Nucleus
ENSP00000409541,3.3910423907169776,0.3229762356876555,3.0680661550293222,High,0.224365,0.505127,0.479395,0.487354,0.140637,0.34397,0.162097,0.165955,0.231812,0.267822,0.020723,Cytoplasm,Golgi apparatus
ENSP00000407410,3.4195933197438304,0.23533850488833158,3.1842548148554988,High,0.134644,0.413232,0.556543,0.379199,0.097205,0.312402,0.3229,0.21449,0.060219,0.171216,0.221643,Nucleus,"Cytoplasm, Nucleus"
ENSP00000398804,3.457739563667291,0.2843519583924056,3.1733876052748857,High,0.669238,0.458203,0.385205,0.156946,0.432861,0.527246,0.096384,0.431812,0.531543,0.527002,0.086498,Membrane,Nucleus
ENSP00000422333,3.5517328886881283,0.1937040980256014,3.358028790662527,High,0.283423,0.28772,0.228101,0.734375,0.139099,0.333472,0.154004,0.319312,0.179846,0.258057,0.198169,Extracellular,Cell membrane
ENSP00000422150,3.93624001064365,0.31817155193363006,3.6180684587100203,High,0.401611,0.364258,0.294165,0.42373,0.173682,0.410596,0.280615,0.352271,0.329321,0.39585,0.26499,None,Cell membrane
ENSP00000502397,3.4557432948517732,0.24200071163671563,3.2137425832150575,High,0.214331,0.569482,0.418262,0.101434,0.191699,0.419775,0.126221,0.25498,0.143433,0.169495,0.230371,Cytoplasm,Nucleus
ENSP00000435912,3.3694728630588684,0.3118293288142922,3.0576435342445762,High,0.245947,0.505176,0.333569,0.29646,0.114124,0.342407,0.158508,0.136182,0.115002,0.164038,0.099384,Cytoplasm,Cytoplasm
ENSP00000450910,3.4406589685590676,0.23801944069751874,3.2026395278615487,High,0.157043,0.479004,0.481738,0.432129,0.118799,0.356055,0.176953,0.170801,0.130627,0.132837,0.196704,Cytoplasm,Nucleus
ENSP00000469123,3.5455321891872837,0.36420143021308715,3.1813307589741964,High,0.194019,0.526953,0.382764,0.249292,0.197241,0.548047,0.020605,0.305078,0.300928,0.353491,0.274854,Cytoplasm,Cytoplasm
ENSP00000464423,3.616262729534699,0.19547745865196603,3.420785270882733,High,0.254419,0.43584,0.405615,0.400098,0.165918,0.376953,0.078949,0.277002,0.209375,0.299243,0.128143,None,Nucleus
ENSP00000424863,3.363424271141934,0.20520161185324073,3.1582226592886933,High,0.26604,0.518213,0.432471,0.188306,0.155835,0.442383,0.071588,0.161816,0.146594,0.279834,0.093625,Cytoplasm,Nucleus
ENSP00000495572,3.4525198403003823,0.292741575149134,3.1597782651512483,High,0.219824,0.671094,0.346704,0.265356,0.14613,0.497363,0.047363,0.247705,0.163647,0.296094,0.283667,Cytoplasm,Nucleus
ENSP00000487134,3.5656370875485064,0.18358004719758184,3.3820570403509245,High,0.264526,0.416699,0.370801,0.4771,0.103943,0.432861,0.115674,0.310303,0.214819,0.37207,0.09201,None,Nucleus
ENSP00000506074,3.4379422399928803,0.27215646065116594,3.1657857793417143,High,0.165112,0.470459,0.533496,0.262378,0.089545,0.55415,0.07236,0.177747,0.27749,0.231006,0.323303,"Cytoplasm, Nucleus",Cytoplasm
ENSP00000405084,3.7221337514730553,0.22248132610571258,3.4996524253673424,High,0.308789,0.416162,0.371191,0.33252,0.114526,0.449609,0.093243,0.41416,0.297681,0.363916,0.229932,None,Cell membrane
ENSP00000431039,3.4509570618674785,0.21533651673672366,3.2356205451307547,High,0.247729,0.480664,0.284448,0.475781,0.113135,0.383301,0.09679,0.190283,0.197656,0.307349,0.080768,Cytoplasm,Mitochondrion
ENSP00000430859,3.2869657504254595,0.22835978432995777,3.058605966095502,High,0.203735,0.453955,0.500049,0.205695,0.101453,0.40332,0.017272,0.234082,0.236353,0.217139,0.117471,None,"Cytoplasm, Nucleus"
ENSP00000427003,3.5372538376134157,0.2122926986564872,3.3249611389569287,High,0.179492,0.503906,0.388525,0.391748,0.089478,0.455469,0.143164,0.164771,0.188721,0.193286,0.38999,Cytoplasm,"Cytoplasm, Nucleus"
ENSP00000467983,3.5462513076443942,0.2973345580679985,3.2489167495763955,High,0.171948,0.326709,0.429883,0.508398,0.069012,0.442578,0.087897,0.411426,0.225732,0.276172,0.276514,None,Mitochondrion
ENSP00000456776,3.3629173533981604,0.21028930259677586,3.1526280508013844,High,0.158374,0.509033,0.423779,0.566211,0.092175,0.439551,0.158508,0.156726,0.182202,0.24209,0.095551,Cytoplasm,"Cytoplasm, Nucleus"
ENSP00000460358,3.5165120487990893,0.24012864609568102,3.2763834027034084,High,0.187891,0.501465,0.331836,0.610449,0.121887,0.436426,0.395801,0.135065,0.133459,0.178687,0.281274,Cytoplasm,Mitochondrion
ENSP00000454718,3.294657640904521,0.3164148536754867,2.9782427872290342,High,0.190601,0.498047,0.502002,0.508008,0.10744,0.440771,0.111511,0.190796,0.21637,0.286914,0.024418,Cytoplasm,Cytoplasm
ENSP00000402829,3.5932498119027008,0.18761529113414624,3.4056345207685546,High,0.247192,0.49917,0.457227,0.320142,0.163867,0.420068,0.165027,0.230005,0.176611,0.203979,0.117792,Cytoplasm,"Cytoplasm, Nucleus"
ENSP00000384148,3.777713039228318,0.36744610809197076,3.410266931136347,High,0.548682,0.270215,0.180127,0.475781,0.261304,0.386035,0.295459,0.49624,0.28855,0.264746,0.163483,Membrane,Cell membrane
ENSP00000376243,3.7816173647658986,0.2816894644218822,3.4999279003440162,High,0.396631,0.257861,0.223389,0.490137,0.273218,0.273975,0.166699,0.619678,0.315332,0.360205,0.245679,None,Cell membrane
ENSP00000425172,3.4411537747648895,0.23347910672566755,3.207674668039222,High,0.178442,0.362354,0.494531,0.404297,0.077258,0.23064,0.067462,0.251428,0.222681,0.184888,0.233606,None,"Cytoplasm, Nucleus"
ENSP00000499362,3.3579871615804158,0.18876211305838686,3.169225048522029,High,0.189185,0.5104,0.39458,0.69209,0.10921,0.406982,0.31228,0.138879,0.160815,0.241162,0.075992,"Cytoplasm, Extracellular",Cytoplasm
ENSP00000497470,3.298245325438795,0.3192565753315228,2.9789887501072725,High,0.592041,0.171387,0.169946,0.350928,0.336865,0.245605,0.008238,0.452637,0.379053,0.508154,0.075793,Membrane,Cytoplasm
ENSP00000461183,3.6684419266156656,0.21989453389866864,3.448547392716997,High,0.235791,0.457959,0.401318,0.293652,0.137219,0.440283,0.075809,0.36416,0.272168,0.258569,0.240747,None,"Mitochondrion, Endoplasmic reticulum"
ENSP00000354879,3.3649881777817545,0.1560439073145057,3.208944270467249,High,0.14917,0.496729,0.458691,0.571973,0.135229,0.417139,0.04747,0.173779,0.178296,0.239453,0.201489,Cytoplasm,Mitochondrion
ENSP00000494699,3.40156676548309,0.20698750912042424,3.194579256362666,High,0.13634,0.52373,0.466406,0.500146,0.090381,0.35459,0.069592,0.19231,0.223438,0.175049,0.301978,Cytoplasm,"Cytoplasm, Cell membrane"
ENSP00000468538,3.4387469971277285,0.3691746515889127,3.0695723455388157,High,0.354443,0.461426,0.366162,0.195752,0.215967,0.233765,0.014496,0.31167,0.335669,0.283496,0.083844,None,Nucleus
ENSP00000462954,3.731314173083786,0.28734593400698066,3.4439682390768054,High,0.407471,0.488232,0.302368,0.204797,0.243823,0.432715,0.1021,0.181592,0.284375,0.355103,0.272998,Cytoplasm,Golgi apparatus
ENSP00000458946,3.313319083838963,0.18880552361047392,3.124513560228489,High,0.158044,0.567627,0.4625,0.538672,0.15918,0.427539,0.073566,0.168579,0.148254,0.292114,0.092377,Cytoplasm,"Cytoplasm, Nucleus, Cell membrane"
ENSP00000406989,3.529200537040384,0.3521896823755184,3.1770108546648657,High,0.18772,0.44707,0.310571,0.505176,0.17251,0.449316,0.186346,0.301147,0.101697,0.226953,0.10851,None,Mitochondrion
ENSP00000389420,3.759165672876011,0.2726136806001215,3.48655199227589,High,0.469141,0.274512,0.234375,0.467529,0.194629,0.556934,0.16698,0.591162,0.391016,0.402637,0.332471,Membrane,Cell membrane
ENSP00000430164,3.285107379097495,0.2456449681202445,3.039462410977251,High,0.139539,0.489355,0.413672,0.69375,0.099023,0.531055,0.140015,0.189905,0.093561,0.27561,0.180588,"Cytoplasm, Extracellular",Cytoplasm
ENSP00000426926,3.7176511707861635,0.19453369804730963,3.523117472738854,High,0.364551,0.443604,0.410254,0.308301,0.206934,0.41543,0.067635,0.322632,0.278125,0.347461,0.167926,None,"Cytoplasm, Mitochondrion"
ENSP00000417908,3.4457846336075115,0.30264230773106565,3.143142325876446,High,0.124609,0.419727,0.394043,0.613184,0.07272,0.534912,0.236609,0.265356,0.130682,0.220557,0.228528,None,Nucleus
ENSP00000404968,3.6594534069748823,0.31293773980125233,3.34651566717363,High,0.559766,0.431787,0.285791,0.170068,0.261499,0.512207,0.093439,0.472998,0.588525,0.40835,0.331543,"Membrane, Lysosome/Vacuole",Nucleus
ENSP00000502892,3.408616882812736,0.2017560189310573,3.206860863881679,High,0.165869,0.391016,0.437451,0.455176,0.064124,0.385303,0.088031,0.277808,0.114282,0.161963,0.386084,None,Cytoplasm
ENSP00000497449,3.440206477726004,0.2100554475654842,3.2301510301605196,High,0.164966,0.569971,0.397705,0.563574,0.086615,0.365527,0.149353,0.179639,0.166968,0.262085,0.182825,Cytoplasm,Golgi apparatus
ENSP00000453462,3.518379884490787,0.23999915164557567,3.2783807328452115,High,0.204712,0.523975,0.528516,0.271094,0.15564,0.25022,0.093439,0.149622,0.197559,0.256543,0.267834,"Cytoplasm, Nucleus",Nucleus
ENSP00000432253,3.294451038085377,0.1874884376708136,3.1069626004145636,High,0.269653,0.461426,0.319556,0.451172,0.183203,0.386719,0.108752,0.138928,0.099677,0.143994,0.054087,None,Mitochondrion
ENSP00000427736,3.4979676601826446,0.2785293875319878,3.219438272650657,High,0.222144,0.555664,0.424219,0.377881,0.171924,0.364453,0.0629,0.168445,0.230835,0.201807,0.168111,Cytoplasm,Cytoplasm
ENSP00000479464,3.6058232570257505,0.23758827235193053,3.36823498467382,High,0.170911,0.561621,0.463623,0.402246,0.12063,0.285645,0.282983,0.198047,0.152661,0.194202,0.299097,Cytoplasm,Golgi apparatus
ENSP00000469702,3.320764553536191,0.21055886669440482,3.110205686841786,High,0.14856,0.475098,0.359399,0.555908,0.083374,0.375781,0.275391,0.114392,0.072156,0.130066,0.280835,Cytoplasm,Nucleus
ENSP00000454923,3.418959623394662,0.19048848614234506,3.228471137252317,High,0.21731,0.509375,0.413525,0.411108,0.163696,0.372168,0.195764,0.15343,0.175537,0.128198,0.062519,Cytoplasm,Mitochondrion
ENSP00000452630,3.2872856320689614,0.18302759457459433,3.104258037494367,High,0.186377,0.463428,0.434863,0.476709,0.113037,0.459326,0.054071,0.161475,0.179211,0.180823,0.099152,None,Nucleus
ENSP00000451127,3.328384330107595,0.1681095517643216,3.160274778343273,High,0.205762,0.46123,0.518652,0.501367,0.120325,0.329102,0.104581,0.158337,0.146277,0.247266,0.068893,None,"Cytoplasm, Nucleus"
ENSP00000435532,3.322249588118895,0.41577581862750973,2.9064737694913854,High,0.119165,0.445068,0.347534,0.594092,0.116736,0.569189,0.082971,0.370532,0.105106,0.365063,0.146352,None,"Cytoplasm, Nucleus"
ENSP00000425714,3.2950251871678935,0.3833207202500732,2.9117044669178203,High,0.145752,0.481641,0.368945,0.666602,0.105273,0.545264,0.093317,0.292896,0.084225,0.308838,0.174045,"Cytoplasm, Extracellular","Cytoplasm, Nucleus"
ENSP00000420469,3.3121130206005773,0.25304005409841723,3.05907296650216,High,0.215552,0.586523,0.482568,0.288623,0.177393,0.388672,0.03692,0.218994,0.166467,0.248877,0.069344,Cytoplasm,Cytoplasm
ENSP00000468485,3.5041305964748073,0.41426264213116815,3.089867954343639,High,0.264746,0.386572,0.370972,0.505371,0.076312,0.200842,0.36748,0.241431,0.153235,0.327319,0.071965,None,"Cytoplasm, Nucleus"
ENSP00000464865,3.4591952967965196,0.19009276757482632,3.2691025292216933,High,0.192529,0.538721,0.436279,0.549072,0.172388,0.594434,0.044279,0.215283,0.211597,0.331836,0.239087,Cytoplasm,Nucleus
ENSP00000464429,3.3321021155682016,0.186553546185435,3.1455485693827665,High,0.185132,0.499756,0.495605,0.440576,0.143677,0.416064,0.087207,0.127441,0.14873,0.194409,0.110535,Cytoplasm,Nucleus
ENSP00000429271,3.3685218664436665,0.27522508114980027,3.093296785293866,High,0.191455,0.644043,0.453027,0.344556,0.232983,0.288647,0.039496,0.208154,0.237061,0.171423,0.113415,Cytoplasm,Cytoplasm
ENSP00000417446,3.50708755733448,0.17457033047335266,3.3325172268611274,High,0.187354,0.429346,0.510254,0.363037,0.11676,0.289917,0.204663,0.177954,0.150574,0.187549,0.143469,None,"Cytoplasm, Nucleus"
ENSP00000507709,3.49982374835533,0.2443065401417613,3.2555172082135684,High,0.293774,0.443457,0.474707,0.288306,0.120007,0.465625,0.074103,0.365527,0.300049,0.451172,0.063901,None,Endoplasmic reticulum
ENSP00000455781,3.320145274530196,0.2074711364020211,3.112674138128175,High,0.23877,0.46123,0.457422,0.515381,0.109399,0.462891,0.052118,0.214502,0.177917,0.202686,0.084212,None,Cell membrane
ENSP00000442380,3.575463282080684,0.24687307054639177,3.3285902115342925,High,0.218994,0.380029,0.411719,0.215967,0.108881,0.497363,0.204919,0.188098,0.159424,0.17439,0.270313,None,Mitochondrion
ENSP00000429437,3.2766142559723863,0.2033868322341306,3.0732274237382557,High,0.19873,0.529199,0.391211,0.410449,0.089978,0.315332,0.053848,0.172485,0.137988,0.281104,0.088763,Cytoplasm,"Cytoplasm, Cell membrane"
ENSP00000457404,3.47445406009054,0.2068657679199573,3.2675882921705823,High,0.234326,0.455566,0.430908,0.452148,0.11554,0.284619,0.074951,0.216089,0.236816,0.184912,0.133789,None,Cell membrane
ENSP00000435967,3.3362453172364317,0.16351634695544343,3.172728970280988,High,0.247632,0.536279,0.333301,0.516309,0.183545,0.396777,0.083157,0.143799,0.128833,0.170093,0.092352,Cytoplasm,Mitochondrion
ENSP00000435145,3.4488756714069537,0.19423228948807633,3.2546433819188776,High,0.211499,0.457568,0.44624,0.481738,0.115735,0.381055,0.032423,0.228149,0.205981,0.195532,0.23551,None,Cell membrane
ENSP00000377950,3.5384979250999273,0.32952736050288456,3.2089705645970428,High,0.268555,0.554541,0.330786,0.275439,0.172363,0.233691,0.072021,0.252197,0.214307,0.191626,0.183315,Cytoplasm,Cell membrane
ENSP00000451085,3.335035665212775,0.3223603390155847,3.0126753261971904,High,0.311963,0.405811,0.470459,0.206366,0.319409,0.294385,0.016146,0.138477,0.34502,0.334497,0.039141,None,"Cytoplasm, Nucleus, Cell membrane"
ENSP00000474497,3.629650225620952,0.2170541575039387,3.412596068117013,High,0.23833,0.500439,0.466357,0.354297,0.144763,0.386328,0.101859,0.254614,0.279712,0.278638,0.142316,Cytoplasm,Nucleus
ENSP00000414865,3.4158231400853176,0.20021258047714513,3.2156105596081725,High,0.209497,0.519287,0.414453,0.405469,0.12251,0.39541,0.173596,0.129456,0.117493,0.143091,0.161536,Cytoplasm,Cytoplasm
ENSP00000399816,3.358011626419295,0.21105908739288962,3.1469525390264055,High,0.128564,0.435059,0.611523,0.370264,0.088171,0.423828,0.10321,0.204053,0.27063,0.266479,0.092935,Nucleus,Cell membrane
ENSP00000361978,3.4548392724808075,0.1972679086030802,3.2575713638777275,High,0.177417,0.514355,0.519092,0.315576,0.11842,0.265332,0.12041,0.155762,0.191162,0.171375,0.221655,Cytoplasm,"Cytoplasm, Nucleus"
ENSP00000501354,3.441753646772809,0.16141431717787993,3.280339329594929,High,0.232788,0.496582,0.445264,0.403809,0.104425,0.430566,0.040126,0.239185,0.18053,0.272974,0.162146,Cytoplasm,"Cytoplasm, Nucleus"
ENSP00000439003,3.381988428948128,0.15467042246986898,3.2273180064782587,High,0.157642,0.505029,0.503271,0.399951,0.101965,0.381982,0.091043,0.190869,0.133984,0.213403,0.168466,Cytoplasm,Cytoplasm
ENSP00000430847,3.438789228172732,0.1654071381705517,3.2733820900021806,High,0.211401,0.438037,0.466748,0.318799,0.112939,0.412451,0.106018,0.172021,0.140356,0.198242,0.144891,None,Mitochondrion
ENSP00000401510,3.323532337588806,0.31491312832107277,3.0086192092677333,High,0.269238,0.557227,0.320776,0.209863,0.200562,0.178406,0.053122,0.281763,0.126135,0.1948,0.09952,Cytoplasm,Cell membrane
ENSP00000501787,3.474192831416121,0.2135397823597019,3.260653049056419,High,0.193262,0.458887,0.499707,0.341919,0.10235,0.467236,0.060486,0.243652,0.198584,0.262354,0.183112,None,Nucleus
ENSP00000459305,3.4494247413676242,0.24587752009046737,3.203547221277157,High,0.223193,0.493262,0.344849,0.471289,0.141052,0.253564,0.098807,0.154504,0.19292,0.180591,0.141245,Cytoplasm,Endoplasmic reticulum
ENSP00000452121,3.3864170683351,0.1871527650018417,3.1992643033332584,High,0.218408,0.398047,0.532471,0.365796,0.119641,0.498242,0.048058,0.153479,0.18689,0.259766,0.151303,Nucleus,Cytoplasm
ENSP00000433930,3.637673772874294,0.326798246121957,3.3108755267523367,High,0.218262,0.530762,0.383496,0.504541,0.158008,0.408789,0.144434,0.170532,0.330542,0.235352,0.184485,Cytoplasm,"Cytoplasm, Nucleus"
ENSP00000412744,3.3961506214553103,0.2420063448999588,3.1541442765553516,High,0.173633,0.475342,0.557813,0.315942,0.094971,0.347729,0.054092,0.284546,0.188892,0.191357,0.183936,"Cytoplasm, Nucleus",Nucleus
ENSP00000463481,3.3384617102586884,0.15914454588141264,3.179317164377276,High,0.177466,0.42915,0.460303,0.518311,0.071704,0.342432,0.08371,0.190918,0.174512,0.205811,0.126105,None,Mitochondrion
ENSP00000447739,3.281655071814959,0.27769131908970407,3.003963752725255,High,0.184924,0.52251,0.479785,0.481055,0.121106,0.550244,0.103326,0.1177,0.226953,0.228247,0.067213,Cytoplasm,Nucleus
ENSP00000413636,3.450341616958703,0.21638739311767305,3.23395422384103,High,0.152637,0.478857,0.50376,0.414697,0.112134,0.231055,0.184735,0.172632,0.214746,0.188599,0.121716,Cytoplasm,Nucleus
ENSP00000499306,3.5266276017967333,0.26750646333242306,3.25912113846431,High,0.189966,0.459521,0.47334,0.320386,0.105957,0.418799,0.221338,0.185584,0.17843,0.262549,0.09808,None,Nucleus
ENSP00000423844,3.5451048241307044,0.22848323728315725,3.316621586847547,High,0.214722,0.479248,0.427246,0.522852,0.144482,0.36709,0.119574,0.185913,0.223999,0.192847,0.160016,Cytoplasm,Cell membrane
ENSP00000503895,3.289037942653515,0.19026651938081182,3.098771423272703,High,0.162134,0.499121,0.466895,0.411865,0.08631,0.305469,0.079382,0.139429,0.177368,0.175818,0.129163,Cytoplasm,"Cytoplasm, Nucleus"
ENSP00000501638,3.4053777693565803,0.27715530871557875,3.1282224606410014,High,0.218823,0.290845,0.246948,0.439258,0.064484,0.297534,0.175073,0.183203,0.151672,0.230322,0.099243,None,Cytoplasm
ENSP00000435644,3.416902373323656,0.4915909627666325,2.9253114105570233,High,0.280029,0.523877,0.438867,0.367773,0.081458,0.310132,0.01838,0.21167,0.333545,0.411963,0.157867,Cytoplasm,"Cytoplasm, Nucleus, Cell membrane"
ENSP00000449513,3.3099797151143564,0.21495055610308478,3.0950291590112715,High,0.121985,0.563574,0.471387,0.383789,0.079852,0.301929,0.21416,0.125244,0.110944,0.194592,0.158563,Cytoplasm,Nucleus
ENSP00000425147,3.6775010242087864,0.19651254336013535,3.480988480848651,High,0.443408,0.379541,0.269824,0.202612,0.198938,0.450391,0.075067,0.433643,0.350708,0.408252,0.170825,None,Nucleus
ENSP00000410149,3.314229901917632,0.19622058002681542,3.1180093218908165,High,0.14729,0.486816,0.575049,0.464111,0.16084,0.4229,0.014717,0.186963,0.176746,0.250854,0.197845,"Cytoplasm, Nucleus",Cytoplasm
ENSP00000407378,3.3208926201205964,0.2107405788569468,3.1101520412636496,High,0.196814,0.488574,0.489551,0.487695,0.121326,0.322852,0.101373,0.167175,0.182458,0.207446,0.05657,Cytoplasm,Cytoplasm
ENSP00000462170,3.4542745699286774,0.24082073482222097,3.2134538351064563,High,0.181763,0.392725,0.462744,0.321216,0.101208,0.387109,0.076404,0.224707,0.184375,0.232178,0.138684,None,Nucleus
ENSP00000431085,3.404771900483717,0.1827875953908012,3.221984305092916,High,0.544238,0.560107,0.316211,0.11853,0.645215,0.350635,0.092169,0.24541,0.151587,0.212402,0.171573,"Membrane, Cytoplasm, Cell membrane","Cytoplasm, Cell membrane"
ENSP00000506523,3.44665090454553,0.23940238025301783,3.2072485242925124,High,0.280469,0.477246,0.416797,0.523145,0.189331,0.337744,0.096429,0.181873,0.211035,0.236255,0.048575,Cytoplasm,"Cytoplasm, Nucleus"
ENSP00000485723,3.515867837414814,0.24311529581970664,3.2727525415951075,High,0.198779,0.466016,0.387207,0.399854,0.083185,0.327686,0.181165,0.243481,0.09209,0.171484,0.28241,None,Cell membrane
ENSP00000472858,3.529970007345626,0.2302192933015631,3.299750714044063,High,0.19729,0.481201,0.427197,0.543408,0.143262,0.448437,0.097852,0.20979,0.213623,0.160425,0.250183,Cytoplasm,Nucleus
ENSP00000429541,3.3795761463579868,0.5679419185082556,2.8116342278497313,High,0.250903,0.334424,0.373193,0.392822,0.052551,0.467358,0.032555,0.290112,0.29104,0.468506,0.104626,None,Nucleus
ENSP00000416618,3.5650009991302034,0.2291145676761272,3.3358864314540764,High,0.204932,0.433838,0.447803,0.340625,0.122107,0.374463,0.123096,0.200073,0.235742,0.203149,0.147656,None,Peroxisome
ENSP00000455684,3.8000997263999956,0.251195810086351,3.5489039163136447,High,0.256201,0.435937,0.315552,0.528076,0.149268,0.340381,0.217859,0.233105,0.303711,0.25918,0.271704,None,Cytoplasm
ENSP00000448846,3.3323422045220554,0.18903546919685724,3.143306735325198,High,0.238086,0.434229,0.481689,0.371191,0.102252,0.485547,0.066101,0.169714,0.190625,0.165869,0.099976,None,Mitochondrion
ENSP00000433504,3.298883388836375,0.16147030246117858,3.1374130863751963,High,0.232031,0.494092,0.503223,0.420996,0.189136,0.424414,0.034329,0.196826,0.13385,0.228931,0.066754,Cytoplasm,Cytoplasm
ENSP00000418507,3.3233448820962637,0.2307595284177486,3.092585353678515,High,0.136682,0.623535,0.466211,0.549756,0.136963,0.386426,0.122827,0.163709,0.228564,0.226733,0.081796,Cytoplasm,Nucleus
ENSP00000453067,3.5272843552484594,0.21989061996195436,3.307393735286505,High,0.177271,0.326514,0.509277,0.404346,0.08407,0.311719,0.165308,0.27749,0.198657,0.174463,0.162012,None,"Cytoplasm, Endoplasmic reticulum"
ENSP00000420535,3.279348946258622,0.2859317169877208,2.993417229270901,High,0.652832,0.186328,0.201538,0.220483,0.178076,0.36626,0.043584,0.555713,0.275439,0.392676,0.061389,Membrane,Golgi apparatus
ENSP00000508281,3.409709433059233,0.19329585814023825,3.2164135749189944,High,0.189233,0.457373,0.44624,0.397119,0.103235,0.368896,0.055902,0.219519,0.228223,0.238281,0.103485,None,Cytoplasm
ENSP00000498123,3.441521169818167,0.26594828720538705,3.17557288261278,High,0.221729,0.454883,0.445947,0.437646,0.11264,0.590723,0.138629,0.202856,0.314136,0.312598,0.047993,None,Endoplasmic reticulum
ENSP00000483687,3.4843811984066817,0.2297119328407179,3.2546692655659637,High,0.177051,0.380518,0.446729,0.425537,0.084033,0.447363,0.044751,0.349951,0.216333,0.248511,0.223779,None,Nucleus
ENSP00000393690,3.4889987906322513,0.2116515444365263,3.277347246195725,High,0.201709,0.444141,0.497461,0.357886,0.116382,0.423486,0.076721,0.183154,0.257935,0.262671,0.132471,None,Cytoplasm
ENSP00000462500,3.5484733440051017,0.2502576855252987,3.298215658479803,High,0.177002,0.510889,0.374194,0.350049,0.1151,0.308301,0.129297,0.218799,0.288574,0.219641,0.12829,Cytoplasm,"Mitochondrion, Endoplasmic reticulum"
ENSP00000456341,3.504990230828604,0.23507224175297703,3.269917989075627,High,0.207861,0.476953,0.506494,0.352954,0.129639,0.492773,0.066656,0.196021,0.332373,0.256543,0.150024,Cytoplasm,Cell membrane
ENSP00000390830,3.500123124429553,0.1952321581923539,3.3048909662371995,High,0.602539,0.279761,0.252295,0.165222,0.208789,0.520996,0.090997,0.707617,0.329102,0.412402,0.219678,"Membrane, Endoplasmic reticulum",Nucleus
ENSP00000413962,3.4904728252801873,0.352043470778201,3.1384293545019863,High,0.278296,0.439014,0.352441,0.367651,0.131665,0.403662,0.040221,0.273779,0.186365,0.288843,0.115079,None,Cytoplasm
ENSP00000397787,3.4007438941894668,0.23055588407923563,3.1701880101102313,High,0.207764,0.493066,0.465234,0.406494,0.0961,0.463525,0.117645,0.224292,0.146021,0.199976,0.101602,Cytoplasm,Nucleus
ENSP00000243893,3.430707947533885,0.19515011798803328,3.2355578295458516,High,0.184521,0.500293,0.458643,0.382129,0.121143,0.335986,0.114233,0.168848,0.146411,0.181665,0.15137,Cytoplasm,"Cytoplasm, Cell membrane"
ENSP00000467641,3.387938817915566,0.22512713211844293,3.162811685797123,High,0.161157,0.43833,0.484912,0.341528,0.112134,0.410791,0.103485,0.149207,0.160107,0.204614,0.131702,None,Cell membrane
ENSP00000449571,3.4343240484840325,0.20967471951308705,3.2246493289709455,High,0.206152,0.465869,0.37168,0.411084,0.154541,0.461621,0.071732,0.191064,0.216357,0.166541,0.107089,None,Mitochondrion
ENSP00000410044,3.484765908229736,0.2239646079873664,3.26080130024237,High,0.226831,0.50127,0.473193,0.329248,0.116724,0.530811,0.075565,0.267432,0.299561,0.308496,0.094937,Cytoplasm,Nucleus
ENSP00000407096,3.639050531878225,0.33177530315906434,3.3072752287191607,High,0.203906,0.456982,0.475293,0.228589,0.062436,0.428369,0.202728,0.367749,0.230688,0.231592,0.300049,None,Peroxisome
ENSP00000495519,3.384843810590771,0.21551782036473574,3.169325990226035,High,0.200269,0.523779,0.538086,0.327075,0.097955,0.342773,0.111334,0.215894,0.183838,0.215015,0.087584,"Cytoplasm, Nucleus",Nucleus
ENSP00000423072,3.585672596571075,0.2591795952371454,3.3264930013339296,High,0.316211,0.550439,0.321924,0.180725,0.257031,0.348975,0.095195,0.255176,0.185229,0.323145,0.118341,Cytoplasm,"Cytoplasm, Mitochondrion"
ENSP00000506493,3.2868607738615068,0.2335999685401752,3.0532608053213317,High,0.196753,0.394189,0.478467,0.373389,0.090015,0.262427,0.061856,0.165002,0.177466,0.169861,0.10311,None,"Cytoplasm, Cell membrane"
ENSP00000504071,3.2949979451359908,0.2431976840801397,3.0518002610558512,High,0.2021,0.459717,0.441992,0.277637,0.087378,0.630273,0.051906,0.211523,0.190405,0.265845,0.110883,None,Mitochondrion
ENSP00000501857,3.306060576348454,0.2093650903612444,3.0966954859872096,High,0.147144,0.500732,0.540771,0.429199,0.114832,0.463818,0.062253,0.1505,0.135852,0.195508,0.212726,"Cytoplasm, Nucleus",Nucleus
ENSP00000418252,3.3177313515157416,0.2125848744127151,3.1051464771030264,High,0.221045,0.469482,0.444141,0.428662,0.089008,0.360449,0.085291,0.150354,0.161108,0.220337,0.078751,None,"Cytoplasm, Cell membrane"
ENSP00000453480,3.372361963588557,0.2563689386212151,3.115993024967342,High,0.298608,0.395166,0.27998,0.555908,0.165344,0.437891,0.106287,0.152704,0.134863,0.290991,0.04907,None,Mitochondrion
ENSP00000452500,3.3982768630057762,0.22164971355924615,3.17662714944653,High,0.191406,0.528467,0.416846,0.461279,0.107141,0.39248,0.076306,0.139648,0.197998,0.266431,0.137088,Cytoplasm,Nucleus
ENSP00000387481,3.345943932743407,0.2202593101268006,3.1256846226166064,High,0.209131,0.416504,0.422656,0.402051,0.110596,0.45918,0.105127,0.153259,0.109497,0.23418,0.089676,None,Nucleus
ENSP00000428531,3.430668282621591,0.3876258222349769,3.043042460386614,High,0.241846,0.471484,0.490381,0.263452,0.113501,0.481104,0.088327,0.174664,0.153943,0.194196,0.178552,Cytoplasm,Cytoplasm
ENSP00000408802,3.378742640209547,0.19648375333116574,3.1822588868783814,High,0.236011,0.478467,0.529102,0.311426,0.153894,0.518652,0.057655,0.243188,0.14353,0.209033,0.109714,"Cytoplasm, Nucleus",Cytoplasm
ENSP00000469760,3.493246758733966,0.2501751648255637,3.243071593908402,High,0.130432,0.485205,0.525537,0.315576,0.086615,0.321631,0.169055,0.220264,0.201001,0.207495,0.189679,Cytoplasm,"Cytoplasm, Nucleus"
ENSP00000466684,3.4917096140467763,0.1961421475115275,3.295567466535249,High,0.184644,0.512842,0.46709,0.355664,0.104773,0.400537,0.109534,0.24436,0.131787,0.232886,0.194153,Cytoplasm,Cytoplasm
ENSP00000430805,3.4786196947457952,0.20144300139853316,3.277176693347262,High,0.240576,0.430127,0.501318,0.179468,0.118823,0.371875,0.074638,0.253931,0.218018,0.198633,0.171887,None,"Cytoplasm, Nucleus"
ENSP00000502465,3.279128791160423,0.19874845891541418,3.0803803322450087,High,0.142285,0.499854,0.524561,0.476562,0.110864,0.460156,0.0931,0.115674,0.130457,0.164612,0.21261,Cytoplasm,Nucleus
ENSP00000484996,3.4124093821763957,0.26071592903607066,3.151693453140325,High,0.163257,0.520898,0.379346,0.534717,0.113086,0.390771,0.110577,0.1547,0.204736,0.265063,0.117676,Cytoplasm,Nucleus
ENSP00000455953,3.5217695733753973,0.24724422829257997,3.274525345082817,High,0.175732,0.478857,0.485498,0.33208,0.090405,0.266382,0.100745,0.211499,0.314355,0.197205,0.220386,Cytoplasm,Nucleus
ENSP00000426210,3.321377101032713,0.2772300548068568,3.044147046225856,High,0.213696,0.464062,0.444043,0.291772,0.152808,0.509229,0.039629,0.155774,0.172119,0.198645,0.110362,None,Cell membrane
ENSP00000453192,3.357041003962853,0.2775871704664811,3.079453833496372,High,0.240601,0.477148,0.402441,0.532324,0.126697,0.460498,0.085153,0.174744,0.208057,0.23335,0.055064,Cytoplasm,Mitochondrion
ENSP00000459602,3.3749640425163743,0.2421156531068266,3.132848389409548,High,0.162085,0.368262,0.37312,0.57998,0.056329,0.436719,0.125,0.213208,0.104327,0.185181,0.342456,None,Nucleus
ENSP00000349253,3.500956383473025,0.22271035249326165,3.278246030979763,High,0.289478,0.476562,0.455908,0.272412,0.110193,0.507275,0.0776,0.408301,0.287817,0.350806,0.078131,Cytoplasm,"Cytoplasm, Cell membrane"
ENSP00000490160,3.5623439611065635,0.24195078695821273,3.3203931741483506,High,0.1854,0.445312,0.399902,0.451562,0.085675,0.554639,0.105038,0.321631,0.218701,0.317334,0.211298,None,Mitochondrion
ENSP00000437899,3.31213264819872,0.20287264844639508,3.109259999752325,High,0.167358,0.473047,0.564355,0.281689,0.080859,0.327441,0.047826,0.192017,0.254224,0.212842,0.135107,"Cytoplasm, Nucleus","Nucleus, Cell membrane"
ENSP00000415292,3.499949802948999,0.23301838509967612,3.2669314178493227,High,0.316895,0.463965,0.454443,0.30979,0.13269,0.452148,0.036241,0.3646,0.27981,0.336816,0.092458,None,Golgi apparatus
ENSP00000400569,3.5425335079412266,0.24137516868642223,3.3011583392548043,High,0.294751,0.458301,0.444727,0.353809,0.119366,0.525879,0.083524,0.292554,0.248389,0.301074,0.100513,None,Cytoplasm
ENSP00000457149,3.59686860409233,0.21991892001861701,3.376949684073713,High,0.228857,0.351172,0.317603,0.57207,0.129468,0.457324,0.055853,0.319189,0.32207,0.320166,0.214966,None,Cell membrane
ENSP00000438862,3.310041650566908,0.2133870488274324,3.0966546017394756,High,0.22085,0.566699,0.44917,0.33606,0.133105,0.353418,0.065527,0.146484,0.147241,0.171313,0.11474,Cytoplasm,Nucleus
ENSP00000455184,3.4482619912647987,0.24967403695038548,3.198587954314413,High,0.223706,0.411719,0.363037,0.330273,0.115149,0.573486,0.058392,0.215405,0.141479,0.188306,0.28905,None,Mitochondrion
ENSP00000468113,3.289945821013834,0.21483395985133324,3.075111861162501,High,0.219141,0.443018,0.506885,0.37124,0.136951,0.452393,0.052969,0.155176,0.148462,0.209692,0.077185,None,"Cytoplasm, Nucleus"
ENSP00000464790,3.430427101052707,0.23695224525980846,3.1934748557928985,High,0.320654,0.435937,0.45918,0.211633,0.188257,0.463135,0.030997,0.29519,0.234619,0.284082,0.06715,None,Nucleus
ENSP00000477296,3.3917076267035187,0.21698372877785083,3.174723897925668,High,0.214502,0.418652,0.513428,0.358154,0.086981,0.366211,0.039743,0.280811,0.228223,0.238159,0.110101,None,"Cytoplasm, Nucleus"
