ACC,Membrane,Cytoplasm,Nucleus,Extracellular,Cell membrane,Mitochondrion,Plastid,Endoplasmic reticulum,Lysosome/Vacuole,Golgi apparatus,Peroxisome,Predictive_Entropy,Uncertainty_Level
ENSP00000505728,"mean: 0.055478, var: 0.000317","mean: 0.262891, var: 0.002481","mean: 0.845313, var: 0.010377","mean: 0.127618, var: 0.002612","mean: 0.053253, var: 0.000606","mean: 0.120392, var: 0.006191","mean: 0.009851, var: 0.000104","mean: 0.085510, var: 0.000421","mean: 0.034566, var: 0.000131","mean: 0.042407, var: 0.000556","mean: 0.012624, var: 0.000199",1.8888078871518414,Low
ENSP00000493871,"mean: 0.041309, var: 0.000011","mean: 0.515479, var: 0.003357","mean: 0.896973, var: 0.001412","mean: 0.061675, var: 0.000929","mean: 0.058813, var: 0.000143","mean: 0.116003, var: 0.002045","mean: 0.026569, var: 0.000210","mean: 0.049902, var: 0.000117","mean: 0.028757, var: 0.000091","mean: 0.029449, var: 0.000143","mean: 0.013790, var: 0.000350",1.6700215244940204,Low
ENSP00000490728,"mean: 0.037903, var: 0.000019","mean: 0.491260, var: 0.003630","mean: 0.911621, var: 0.001763","mean: 0.062758, var: 0.000934","mean: 0.060815, var: 0.000211","mean: 0.116394, var: 0.002339","mean: 0.029573, var: 0.000369","mean: 0.035504, var: 0.000051","mean: 0.025073, var: 0.000105","mean: 0.022884, var: 0.000125","mean: 0.012658, var: 0.000335",1.6087444237146553,Low
ENSP00000480219,"mean: 0.037262, var: 0.000074","mean: 0.270020, var: 0.002246","mean: 0.906055, var: 0.003646","mean: 0.127625, var: 0.001749","mean: 0.030438, var: 0.000111","mean: 0.111926, var: 0.001459","mean: 0.005303, var: 0.000035","mean: 0.046771, var: 0.000108","mean: 0.022113, var: 0.000052","mean: 0.031401, var: 0.000355","mean: 0.011374, var: 0.000176",1.5945304202454498,Low
ENSP00000384215,"mean: 0.047064, var: 0.000207","mean: 0.182471, var: 0.001504","mean: 0.914551, var: 0.001727","mean: 0.021107, var: 0.000141","mean: 0.037430, var: 0.000118","mean: 0.194055, var: 0.003689","mean: 0.016647, var: 0.000250","mean: 0.034848, var: 0.000045","mean: 0.041486, var: 0.000042","mean: 0.035066, var: 0.000554","mean: 0.071185, var: 0.001994",1.681292968363904,Low
ENSP00000377634,"mean: 0.062030, var: 0.000123","mean: 0.366113, var: 0.002950","mean: 0.862305, var: 0.001199","mean: 0.039783, var: 0.000734","mean: 0.043060, var: 0.000047","mean: 0.069733, var: 0.001801","mean: 0.008156, var: 0.000077","mean: 0.059137, var: 0.000104","mean: 0.013263, var: 0.000026","mean: 0.023698, var: 0.000094","mean: 0.012257, var: 0.000121",1.5239090837402438,Low
ENSP00000363642,"mean: 0.066278, var: 0.000553","mean: 0.257495, var: 0.000921","mean: 0.749219, var: 0.003508","mean: 0.030463, var: 0.000272","mean: 0.071954, var: 0.000547","mean: 0.144800, var: 0.000385","mean: 0.004829, var: 0.000022","mean: 0.140466, var: 0.001389","mean: 0.037280, var: 0.000914","mean: 0.051263, var: 0.000417","mean: 0.007482, var: 0.000092",1.9340760500784533,Low
ENSP00000262376,"mean: 0.043585, var: 0.000092","mean: 0.271851, var: 0.000539","mean: 0.890039, var: 0.001623","mean: 0.078537, var: 0.002455","mean: 0.031726, var: 0.000030","mean: 0.093217, var: 0.003236","mean: 0.009528, var: 0.000105","mean: 0.051093, var: 0.000113","mean: 0.054568, var: 0.001247","mean: 0.030298, var: 0.000270","mean: 0.016826, var: 0.000364",1.6544663092146312,Low
ENSP00000247087,"mean: 0.051758, var: 0.000066","mean: 0.408154, var: 0.002147","mean: 0.882324, var: 0.002272","mean: 0.047303, var: 0.001363","mean: 0.049670, var: 0.000085","mean: 0.128986, var: 0.007373","mean: 0.007251, var: 0.000064","mean: 0.058740, var: 0.000175","mean: 0.022443, var: 0.000054","mean: 0.035802, var: 0.000127","mean: 0.011693, var: 0.000247",1.6457773227578245,Low
ENSP00000313624,"mean: 0.067230, var: 0.000078","mean: 0.237476, var: 0.001325","mean: 0.879492, var: 0.004822","mean: 0.056856, var: 0.001213","mean: 0.044696, var: 0.000099","mean: 0.105756, var: 0.003182","mean: 0.006639, var: 0.000046","mean: 0.046674, var: 0.000335","mean: 0.066577, var: 0.000088","mean: 0.050314, var: 0.000739","mean: 0.034625, var: 0.000711",1.7989459208490037,Low
ENSP00000485253,"mean: 0.063306, var: 0.000037","mean: 0.281396, var: 0.001294","mean: 0.893457, var: 0.002721","mean: 0.059967, var: 0.000517","mean: 0.062494, var: 0.000066","mean: 0.090436, var: 0.001235","mean: 0.005372, var: 0.000022","mean: 0.055975, var: 0.000083","mean: 0.031522, var: 0.000128","mean: 0.081775, var: 0.000431","mean: 0.011155, var: 0.000187",1.74483818102398,Low
ENSP00000312277,"mean: 0.034448, var: 0.000018","mean: 0.322998, var: 0.006168","mean: 0.853223, var: 0.001121","mean: 0.044818, var: 0.000129","mean: 0.017477, var: 0.000031","mean: 0.072614, var: 0.002556","mean: 0.012053, var: 0.000124","mean: 0.051636, var: 0.000190","mean: 0.018686, var: 0.000118","mean: 0.056866, var: 0.000138","mean: 0.029223, var: 0.000835",1.5637525061942108,Low
ENSP00000370427,"mean: 0.086865, var: 0.000372","mean: 0.194653, var: 0.004407","mean: 0.881055, var: 0.001295","mean: 0.087036, var: 0.000950","mean: 0.119922, var: 0.002967","mean: 0.024327, var: 0.000696","mean: 0.010758, var: 0.000033","mean: 0.071722, var: 0.000742","mean: 0.031027, var: 0.000157","mean: 0.053558, var: 0.000326","mean: 0.004823, var: 0.000034",1.7276052749504154,Low
ENSP00000458025,"mean: 0.038809, var: 0.000065","mean: 0.359033, var: 0.001564","mean: 0.884961, var: 0.002941","mean: 0.138562, var: 0.002455","mean: 0.041074, var: 0.000510","mean: 0.113538, var: 0.004479","mean: 0.002544, var: 0.000011","mean: 0.072113, var: 0.000326","mean: 0.054724, var: 0.000025","mean: 0.036952, var: 0.000412","mean: 0.014581, var: 0.000266",1.8013597024594665,Low
ENSP00000359837,"mean: 0.057867, var: 0.000062","mean: 0.314136, var: 0.003522","mean: 0.910352, var: 0.001616","mean: 0.024782, var: 0.000074","mean: 0.042853, var: 0.000219","mean: 0.077295, var: 0.000796","mean: 0.024343, var: 0.000562","mean: 0.038654, var: 0.000236","mean: 0.042842, var: 0.000675","mean: 0.043901, var: 0.000759","mean: 0.017817, var: 0.000287",1.5987977445250574,Low
ENSP00000469029,"mean: 0.064331, var: 0.000342","mean: 0.276123, var: 0.004686","mean: 0.802246, var: 0.001292","mean: 0.101108, var: 0.010705","mean: 0.062567, var: 0.000400","mean: 0.108386, var: 0.003417","mean: 0.002851, var: 0.000009","mean: 0.081641, var: 0.000244","mean: 0.056210, var: 0.000697","mean: 0.052835, var: 0.000356","mean: 0.010690, var: 0.000138",1.941506004988537,Low
ENSP00000358904,"mean: 0.038232, var: 0.000030","mean: 0.284766, var: 0.001644","mean: 0.891895, var: 0.003176","mean: 0.114880, var: 0.004123","mean: 0.032791, var: 0.000049","mean: 0.093402, var: 0.004206","mean: 0.009964, var: 0.000070","mean: 0.052823, var: 0.000253","mean: 0.017290, var: 0.000098","mean: 0.066278, var: 0.001076","mean: 0.006781, var: 0.000053",1.6517701512866694,Low
ENSP00000362045,"mean: 0.044604, var: 0.000055","mean: 0.294214, var: 0.001548","mean: 0.848437, var: 0.002887","mean: 0.117957, var: 0.002153","mean: 0.027341, var: 0.000019","mean: 0.156195, var: 0.004674","mean: 0.015139, var: 0.000126","mean: 0.065521, var: 0.000299","mean: 0.013859, var: 0.000093","mean: 0.046963, var: 0.000332","mean: 0.020652, var: 0.000535",1.8037256674562625,Low
ENSP00000486816,"mean: 0.058936, var: 0.000042","mean: 0.298193, var: 0.001185","mean: 0.844531, var: 0.002907","mean: 0.117468, var: 0.001894","mean: 0.042078, var: 0.000068","mean: 0.169849, var: 0.004585","mean: 0.016460, var: 0.000111","mean: 0.076245, var: 0.000410","mean: 0.019339, var: 0.000201","mean: 0.061536, var: 0.000248","mean: 0.018866, var: 0.000473",1.9429997894861608,Low
ENSP00000253928,"mean: 0.028342, var: 0.000016","mean: 0.306445, var: 0.002913","mean: 0.885254, var: 0.001915","mean: 0.169537, var: 0.007052","mean: 0.028082, var: 0.000087","mean: 0.128943, var: 0.006015","mean: 0.011025, var: 0.000219","mean: 0.040475, var: 0.000194","mean: 0.037994, var: 0.000161","mean: 0.027885, var: 0.000177","mean: 0.022231, var: 0.000706",1.7248482220349997,Low
ENSP00000484716,"mean: 0.033713, var: 0.000138","mean: 0.220020, var: 0.001515","mean: 0.940625, var: 0.001515","mean: 0.041732, var: 0.000919","mean: 0.016559, var: 0.000075","mean: 0.071591, var: 0.001944","mean: 0.001817, var: 0.000004","mean: 0.077969, var: 0.000816","mean: 0.030139, var: 0.000229","mean: 0.052313, var: 0.000022","mean: 0.016868, var: 0.000296",1.4333713699200747,Low
ENSP00000349803,"mean: 0.073749, var: 0.000327","mean: 0.233398, var: 0.001386","mean: 0.817383, var: 0.001061","mean: 0.065573, var: 0.001927","mean: 0.053461, var: 0.000720","mean: 0.091431, var: 0.000585","mean: 0.003157, var: 0.000011","mean: 0.108008, var: 0.000521","mean: 0.038641, var: 0.000384","mean: 0.061681, var: 0.001536","mean: 0.010574, var: 0.000161",1.8548501809739097,Low
ENSP00000293771,"mean: 0.039056, var: 0.000008","mean: 0.183057, var: 0.000773","mean: 0.919238, var: 0.001579","mean: 0.044826, var: 0.001710","mean: 0.028076, var: 0.000039","mean: 0.072946, var: 0.002240","mean: 0.009310, var: 0.000039","mean: 0.076782, var: 0.000977","mean: 0.036353, var: 0.000181","mean: 0.061575, var: 0.000287","mean: 0.009324, var: 0.000118",1.5216963015511393,Low
ENSP00000365931,"mean: 0.043707, var: 0.000114","mean: 0.275269, var: 0.001454","mean: 0.931348, var: 0.001269","mean: 0.072333, var: 0.001752","mean: 0.050903, var: 0.000053","mean: 0.080325, var: 0.001764","mean: 0.007279, var: 0.000065","mean: 0.028154, var: 0.000069","mean: 0.014053, var: 0.000070","mean: 0.031300, var: 0.000135","mean: 0.011723, var: 0.000177",1.4590979328055864,Low
ENSP00000379843,"mean: 0.093091, var: 0.000420","mean: 0.279248, var: 0.001897","mean: 0.892188, var: 0.000375","mean: 0.040854, var: 0.000457","mean: 0.112262, var: 0.001140","mean: 0.095752, var: 0.000962","mean: 0.004513, var: 0.000013","mean: 0.059332, var: 0.000071","mean: 0.049261, var: 0.000500","mean: 0.051190, var: 0.001392","mean: 0.015252, var: 0.000255",1.8360199892167157,Low
ENSP00000238146,"mean: 0.055298, var: 0.000152","mean: 0.152124, var: 0.001745","mean: 0.834473, var: 0.002997","mean: 0.122968, var: 0.004177","mean: 0.032935, var: 0.000056","mean: 0.166199, var: 0.003691","mean: 0.005499, var: 0.000043","mean: 0.051959, var: 0.000271","mean: 0.029895, var: 0.000316","mean: 0.057431, var: 0.000398","mean: 0.011776, var: 0.000233",1.7695398879243167,Low
ENSP00000455982,"mean: 0.060492, var: 0.000104","mean: 0.220483, var: 0.001216","mean: 0.842480, var: 0.002307","mean: 0.023201, var: 0.000279","mean: 0.034897, var: 0.000069","mean: 0.160571, var: 0.005752","mean: 0.026175, var: 0.000747","mean: 0.032608, var: 0.000020","mean: 0.032648, var: 0.000264","mean: 0.024409, var: 0.000140","mean: 0.052845, var: 0.001971",1.7102630177532854,Low
ENSP00000419765,"mean: 0.056482, var: 0.000376","mean: 0.118787, var: 0.001968","mean: 0.925879, var: 0.002164","mean: 0.124268, var: 0.013732","mean: 0.036328, var: 0.000131","mean: 0.038324, var: 0.001279","mean: 0.004282, var: 0.000014","mean: 0.036843, var: 0.000446","mean: 0.161035, var: 0.018820","mean: 0.072205, var: 0.000080","mean: 0.010375, var: 0.000130",1.66747398475357,Low
ENSP00000351383,"mean: 0.041730, var: 0.000060","mean: 0.226611, var: 0.004496","mean: 0.947754, var: 0.001273","mean: 0.205145, var: 0.016510","mean: 0.035751, var: 0.000218","mean: 0.029155, var: 0.000565","mean: 0.003109, var: 0.000012","mean: 0.069342, var: 0.000548","mean: 0.030827, var: 0.000363","mean: 0.056348, var: 0.000852","mean: 0.004796, var: 0.000034",1.5648837096268349,Low
ENSP00000377782,"mean: 0.052722, var: 0.000055","mean: 0.188354, var: 0.001405","mean: 0.947168, var: 0.000579","mean: 0.049292, var: 0.001789","mean: 0.044836, var: 0.000292","mean: 0.081528, var: 0.002032","mean: 0.022803, var: 0.000708","mean: 0.019476, var: 0.000050","mean: 0.014741, var: 0.000051","mean: 0.044620, var: 0.000235","mean: 0.013429, var: 0.000158",1.4346696848754137,Low
ENSP00000294409,"mean: 0.032983, var: 0.000078","mean: 0.214062, var: 0.000623","mean: 0.893164, var: 0.004375","mean: 0.108569, var: 0.001662","mean: 0.025662, var: 0.000013","mean: 0.046112, var: 0.001577","mean: 0.008896, var: 0.000067","mean: 0.025476, var: 0.000037","mean: 0.021505, var: 0.000210","mean: 0.031963, var: 0.000225","mean: 0.007431, var: 0.000089",1.384903361630819,Low
ENSP00000364118,"mean: 0.044589, var: 0.000251","mean: 0.302881, var: 0.000591","mean: 0.877734, var: 0.005271","mean: 0.085464, var: 0.003352","mean: 0.043530, var: 0.000197","mean: 0.136694, var: 0.004991","mean: 0.012778, var: 0.000219","mean: 0.030824, var: 0.000360","mean: 0.053802, var: 0.000495","mean: 0.053403, var: 0.000702","mean: 0.035645, var: 0.001375",1.8290983406995425,Low
ENSP00000500467,"mean: 0.041217, var: 0.000083","mean: 0.344385, var: 0.002357","mean: 0.833691, var: 0.003181","mean: 0.125793, var: 0.001544","mean: 0.047528, var: 0.000191","mean: 0.099554, var: 0.001534","mean: 0.002975, var: 0.000011","mean: 0.044702, var: 0.000227","mean: 0.030433, var: 0.000311","mean: 0.055988, var: 0.000575","mean: 0.009064, var: 0.000097",1.7519769033229378,Low
ENSP00000403411,"mean: 0.115125, var: 0.001848","mean: 0.246790, var: 0.004331","mean: 0.865625, var: 0.002271","mean: 0.012303, var: 0.000037","mean: 0.064905, var: 0.000756","mean: 0.259888, var: 0.003036","mean: 0.007271, var: 0.000070","mean: 0.048199, var: 0.000786","mean: 0.081839, var: 0.001349","mean: 0.043784, var: 0.001109","mean: 0.036809, var: 0.002044",1.9462333746826432,Low
ENSP00000391200,"mean: 0.058521, var: 0.000065","mean: 0.238989, var: 0.002017","mean: 0.872559, var: 0.001956","mean: 0.075555, var: 0.002276","mean: 0.057343, var: 0.000179","mean: 0.119794, var: 0.002811","mean: 0.001773, var: 0.000004","mean: 0.087878, var: 0.000786","mean: 0.071008, var: 0.000564","mean: 0.072882, var: 0.000597","mean: 0.015554, var: 0.000294",1.9087848608705698,Low
ENSP00000262366,"mean: 0.055524, var: 0.000404","mean: 0.373828, var: 0.000860","mean: 0.901855, var: 0.000142","mean: 0.025287, var: 0.000490","mean: 0.039780, var: 0.000271","mean: 0.092349, var: 0.002473","mean: 0.001915, var: 0.000007","mean: 0.048233, var: 0.000704","mean: 0.094122, var: 0.003426","mean: 0.053162, var: 0.000577","mean: 0.018572, var: 0.000384",1.6734236316969773,Low
ENSP00000309826,"mean: 0.062714, var: 0.000317","mean: 0.301074, var: 0.000907","mean: 0.880273, var: 0.001518","mean: 0.031738, var: 0.000878","mean: 0.055902, var: 0.000134","mean: 0.168152, var: 0.005710","mean: 0.024360, var: 0.000356","mean: 0.049304, var: 0.000382","mean: 0.033118, var: 0.000518","mean: 0.057507, var: 0.000478","mean: 0.011577, var: 0.000225",1.7854505083219452,Low
ENSP00000302993,"mean: 0.038199, var: 0.000057","mean: 0.224109, var: 0.004030","mean: 0.948242, var: 0.001175","mean: 0.198669, var: 0.018951","mean: 0.031230, var: 0.000190","mean: 0.026108, var: 0.000494","mean: 0.003177, var: 0.000012","mean: 0.068707, var: 0.000633","mean: 0.030475, var: 0.000372","mean: 0.052853, var: 0.000868","mean: 0.004353, var: 0.000028",1.5225130530638347,Low
ENSP00000368867,"mean: 0.076892, var: 0.000791","mean: 0.217944, var: 0.003515","mean: 0.930664, var: 0.000585","mean: 0.030612, var: 0.000905","mean: 0.040982, var: 0.000074","mean: 0.110321, var: 0.002157","mean: 0.025802, var: 0.001139","mean: 0.031699, var: 0.000075","mean: 0.016619, var: 0.000141","mean: 0.051804, var: 0.000453","mean: 0.025587, var: 0.000507",1.5960196858745048,Low
ENSP00000486501,"mean: 0.051221, var: 0.000093","mean: 0.390088, var: 0.002435","mean: 0.846191, var: 0.006433","mean: 0.050701, var: 0.001443","mean: 0.055243, var: 0.000121","mean: 0.142761, var: 0.005826","mean: 0.007245, var: 0.000090","mean: 0.070361, var: 0.000065","mean: 0.028583, var: 0.000112","mean: 0.031895, var: 0.000310","mean: 0.031125, var: 0.000963",1.7917544312959879,Low
ENSP00000355743,"mean: 0.049622, var: 0.000132","mean: 0.252759, var: 0.000257","mean: 0.897168, var: 0.004252","mean: 0.083636, var: 0.002025","mean: 0.045401, var: 0.000280","mean: 0.123193, var: 0.000672","mean: 0.008830, var: 0.000053","mean: 0.057309, var: 0.000613","mean: 0.030794, var: 0.000079","mean: 0.055185, var: 0.000716","mean: 0.004459, var: 0.000036",1.6967030817521715,Low
ENSP00000274054,"mean: 0.021266, var: 0.000122","mean: 0.514258, var: 0.002532","mean: 0.790430, var: 0.004071","mean: 0.171289, var: 0.002581","mean: 0.025649, var: 0.000322","mean: 0.090118, var: 0.001702","mean: 0.005579, var: 0.000038","mean: 0.157043, var: 0.001777","mean: 0.026703, var: 0.000406","mean: 0.075751, var: 0.000363","mean: 0.013176, var: 0.000110",1.891759268320072,Low
ENSP00000355427,"mean: 0.056567, var: 0.000071","mean: 0.238794, var: 0.002603","mean: 0.866797, var: 0.002233","mean: 0.084717, var: 0.002764","mean: 0.055304, var: 0.000190","mean: 0.114276, var: 0.003034","mean: 0.002005, var: 0.000005","mean: 0.085535, var: 0.000877","mean: 0.070636, var: 0.000598","mean: 0.079352, var: 0.000742","mean: 0.018288, var: 0.000453",1.9296945255391056,Low
ENSP00000388173,"mean: 0.066296, var: 0.000314","mean: 0.313306, var: 0.003348","mean: 0.932422, var: 0.001646","mean: 0.070285, var: 0.001614","mean: 0.061926, var: 0.000205","mean: 0.092944, var: 0.003003","mean: 0.006722, var: 0.000065","mean: 0.041730, var: 0.000269","mean: 0.028801, var: 0.000168","mean: 0.030264, var: 0.000122","mean: 0.015624, var: 0.000231",1.627646990806113,Low
ENSP00000357914,"mean: 0.039966, var: 0.000020","mean: 0.280029, var: 0.004469","mean: 0.921191, var: 0.002626","mean: 0.102185, var: 0.000771","mean: 0.035590, var: 0.000038","mean: 0.047621, var: 0.001179","mean: 0.007076, var: 0.000067","mean: 0.050055, var: 0.000348","mean: 0.030447, var: 0.000383","mean: 0.043442, var: 0.000660","mean: 0.012995, var: 0.000241",1.5414438028010058,Low
ENSP00000423712,"mean: 0.108142, var: 0.000482","mean: 0.422900, var: 0.005832","mean: 0.590332, var: 0.002629","mean: 0.035617, var: 0.000560","mean: 0.050305, var: 0.000055","mean: 0.092926, var: 0.001255","mean: 0.004580, var: 0.000028","mean: 0.029575, var: 0.000054","mean: 0.037952, var: 0.000486","mean: 0.072870, var: 0.000328","mean: 0.024658, var: 0.000724",1.9407101055692852,Low
ENSP00000331927,"mean: 0.058990, var: 0.000183","mean: 0.165503, var: 0.001472","mean: 0.749219, var: 0.006570","mean: 0.100864, var: 0.007360","mean: 0.042364, var: 0.000084","mean: 0.122485, var: 0.003027","mean: 0.003069, var: 0.000011","mean: 0.035928, var: 0.000131","mean: 0.034265, var: 0.000042","mean: 0.030774, var: 0.000204","mean: 0.017875, var: 0.000358",1.735413157303738,Low
ENSP00000252115,"mean: 0.056134, var: 0.000092","mean: 0.442480, var: 0.003118","mean: 0.731152, var: 0.003537","mean: 0.039987, var: 0.000647","mean: 0.052484, var: 0.000104","mean: 0.075604, var: 0.001660","mean: 0.006540, var: 0.000052","mean: 0.028873, var: 0.000029","mean: 0.031163, var: 0.000221","mean: 0.046933, var: 0.000236","mean: 0.013162, var: 0.000163",1.6739351366286757,Low
ENSP00000357881,"mean: 0.046634, var: 0.000161","mean: 0.329590, var: 0.004956","mean: 0.836719, var: 0.001397","mean: 0.052142, var: 0.001229","mean: 0.037408, var: 0.000052","mean: 0.093860, var: 0.001948","mean: 0.014342, var: 0.000152","mean: 0.032007, var: 0.000141","mean: 0.028656, var: 0.000267","mean: 0.032262, var: 0.000184","mean: 0.019057, var: 0.000324",1.6160186630375941,Low
ENSP00000283921,"mean: 0.080469, var: 0.001078","mean: 0.305884, var: 0.006421","mean: 0.878125, var: 0.003475","mean: 0.043080, var: 0.000357","mean: 0.073557, var: 0.000676","mean: 0.106522, var: 0.002091","mean: 0.003712, var: 0.000016","mean: 0.050632, var: 0.000585","mean: 0.045950, var: 0.001036","mean: 0.050700, var: 0.001502","mean: 0.023162, var: 0.000513",1.7969562383021414,Low
ENSP00000228741,"mean: 0.035092, var: 0.000041","mean: 0.361621, var: 0.006376","mean: 0.928613, var: 0.001197","mean: 0.091522, var: 0.001961","mean: 0.019176, var: 0.000036","mean: 0.075565, var: 0.001741","mean: 0.007498, var: 0.000071","mean: 0.093079, var: 0.000378","mean: 0.022826, var: 0.000077","mean: 0.029469, var: 0.000176","mean: 0.021289, var: 0.000306",1.5737643444447793,Low
ENSP00000296839,"mean: 0.062769, var: 0.000585","mean: 0.345068, var: 0.003221","mean: 0.829395, var: 0.003466","mean: 0.056287, var: 0.001753","mean: 0.092853, var: 0.001087","mean: 0.168689, var: 0.003765","mean: 0.003722, var: 0.000023","mean: 0.044019, var: 0.000223","mean: 0.028802, var: 0.000088","mean: 0.031110, var: 0.000211","mean: 0.031799, var: 0.001146",1.8569988655931782,Low
ENSP00000388357,"mean: 0.040991, var: 0.000084","mean: 0.310840, var: 0.001738","mean: 0.899902, var: 0.002712","mean: 0.094702, var: 0.000973","mean: 0.026739, var: 0.000062","mean: 0.063312, var: 0.000930","mean: 0.010977, var: 0.000137","mean: 0.032060, var: 0.000210","mean: 0.021272, var: 0.000250","mean: 0.041121, var: 0.000660","mean: 0.007491, var: 0.000079",1.4934486882328444,Low
ENSP00000315587,"mean: 0.070355, var: 0.000635","mean: 0.293213, var: 0.000448","mean: 0.854395, var: 0.004825","mean: 0.073419, var: 0.000587","mean: 0.045773, var: 0.000594","mean: 0.092078, var: 0.000472","mean: 0.004395, var: 0.000018","mean: 0.067163, var: 0.000205","mean: 0.064120, var: 0.001104","mean: 0.079282, var: 0.001649","mean: 0.008002, var: 0.000132",1.854406579536897,Low
ENSP00000401014,"mean: 0.056122, var: 0.000343","mean: 0.404346, var: 0.003742","mean: 0.788867, var: 0.001349","mean: 0.029502, var: 0.000407","mean: 0.084082, var: 0.000400","mean: 0.146545, var: 0.003812","mean: 0.047025, var: 0.002188","mean: 0.029440, var: 0.000025","mean: 0.011589, var: 0.000041","mean: 0.017924, var: 0.000120","mean: 0.022291, var: 0.000282",1.7644935121738659,Low
ENSP00000313822,"mean: 0.048871, var: 0.000076","mean: 0.318652, var: 0.000594","mean: 0.848340, var: 0.001700","mean: 0.055838, var: 0.001222","mean: 0.026007, var: 0.000033","mean: 0.169885, var: 0.002597","mean: 0.011203, var: 0.000105","mean: 0.028073, var: 0.000079","mean: 0.035825, var: 0.000285","mean: 0.100110, var: 0.000529","mean: 0.014374, var: 0.000378",1.769909320907809,Low
ENSP00000265732,"mean: 0.039880, var: 0.000051","mean: 0.377393, var: 0.001175","mean: 0.870801, var: 0.001409","mean: 0.050504, var: 0.000500","mean: 0.052332, var: 0.000313","mean: 0.058597, var: 0.001085","mean: 0.004816, var: 0.000026","mean: 0.057153, var: 0.000164","mean: 0.015516, var: 0.000083","mean: 0.047507, var: 0.000328","mean: 0.013370, var: 0.000253",1.5444781428802585,Low
ENSP00000370532,"mean: 0.031357, var: 0.000048","mean: 0.274365, var: 0.000632","mean: 0.879590, var: 0.001875","mean: 0.032159, var: 0.000504","mean: 0.039365, var: 0.000088","mean: 0.078049, var: 0.001925","mean: 0.012038, var: 0.000073","mean: 0.049451, var: 0.000013","mean: 0.022649, var: 0.000101","mean: 0.031944, var: 0.000212","mean: 0.011479, var: 0.000162",1.4621503924746542,Low
ENSP00000431778,"mean: 0.051154, var: 0.000348","mean: 0.294775, var: 0.000494","mean: 0.863477, var: 0.003689","mean: 0.099261, var: 0.001278","mean: 0.042911, var: 0.000509","mean: 0.069965, var: 0.000704","mean: 0.005767, var: 0.000035","mean: 0.043256, var: 0.000087","mean: 0.049182, var: 0.000508","mean: 0.067950, var: 0.000908","mean: 0.007618, var: 0.000120",1.722998801779118,Low
ENSP00000355979,"mean: 0.034351, var: 0.000114","mean: 0.404443, var: 0.001576","mean: 0.887598, var: 0.003590","mean: 0.077371, var: 0.001185","mean: 0.044434, var: 0.000092","mean: 0.098285, var: 0.003564","mean: 0.033363, var: 0.001185","mean: 0.064047, var: 0.000810","mean: 0.063562, var: 0.000387","mean: 0.032259, var: 0.000509","mean: 0.054345, var: 0.003416",1.8857882158944712,Low
ENSP00000453463,"mean: 0.050140, var: 0.000070","mean: 0.300244, var: 0.005876","mean: 0.883105, var: 0.003021","mean: 0.152686, var: 0.001606","mean: 0.033722, var: 0.000077","mean: 0.093243, var: 0.003521","mean: 0.008516, var: 0.000087","mean: 0.045792, var: 0.000211","mean: 0.036932, var: 0.000449","mean: 0.057480, var: 0.000998","mean: 0.010328, var: 0.000154",1.7585986184268996,Low
ENSP00000303315,"mean: 0.110352, var: 0.000915","mean: 0.230957, var: 0.002224","mean: 0.868359, var: 0.001984","mean: 0.026227, var: 0.000051","mean: 0.069855, var: 0.000443","mean: 0.116724, var: 0.001724","mean: 0.006979, var: 0.000087","mean: 0.044092, var: 0.000356","mean: 0.033939, var: 0.000134","mean: 0.049127, var: 0.000038","mean: 0.004501, var: 0.000037",1.69583776241696,Low
ENSP00000484534,"mean: 0.037653, var: 0.000032","mean: 0.391064, var: 0.002317","mean: 0.904297, var: 0.002704","mean: 0.020233, var: 0.000046","mean: 0.023424, var: 0.000159","mean: 0.339453, var: 0.018682","mean: 0.006723, var: 0.000065","mean: 0.027652, var: 0.000166","mean: 0.057162, var: 0.000683","mean: 0.018520, var: 0.000236","mean: 0.101027, var: 0.006724",1.717117510999803,Low
ENSP00000222567,"mean: 0.042905, var: 0.000195","mean: 0.233325, var: 0.002593","mean: 0.874512, var: 0.003479","mean: 0.126288, var: 0.002658","mean: 0.027800, var: 0.000147","mean: 0.052664, var: 0.001575","mean: 0.005546, var: 0.000020","mean: 0.103143, var: 0.001621","mean: 0.028754, var: 0.000044","mean: 0.078119, var: 0.000940","mean: 0.012463, var: 0.000225",1.7268469690795138,Low
ENSP00000204517,"mean: 0.057697, var: 0.000284","mean: 0.359521, var: 0.008007","mean: 0.922266, var: 0.002008","mean: 0.041406, var: 0.000254","mean: 0.042480, var: 0.000082","mean: 0.128455, var: 0.001000","mean: 0.002596, var: 0.000012","mean: 0.019264, var: 0.000046","mean: 0.078339, var: 0.000143","mean: 0.111536, var: 0.001245","mean: 0.014907, var: 0.000311",1.7350346618997152,Low
ENSP00000503132,"mean: 0.114661, var: 0.001200","mean: 0.239624, var: 0.003626","mean: 0.892969, var: 0.001140","mean: 0.028497, var: 0.000011","mean: 0.053809, var: 0.000618","mean: 0.134521, var: 0.002358","mean: 0.013688, var: 0.000353","mean: 0.050568, var: 0.000281","mean: 0.048059, var: 0.000333","mean: 0.105444, var: 0.001635","mean: 0.005245, var: 0.000037",1.8405294040314537,Low
ENSP00000392070,"mean: 0.033395, var: 0.000126","mean: 0.260815, var: 0.000690","mean: 0.882715, var: 0.002491","mean: 0.051096, var: 0.000405","mean: 0.022162, var: 0.000169","mean: 0.268823, var: 0.001102","mean: 0.008328, var: 0.000046","mean: 0.083582, var: 0.000567","mean: 0.018095, var: 0.000075","mean: 0.044803, var: 0.000248","mean: 0.009312, var: 0.000207",1.6663024856576172,Low
ENSP00000442500,"mean: 0.043146, var: 0.000043","mean: 0.310327, var: 0.007310","mean: 0.911426, var: 0.002074","mean: 0.154187, var: 0.001740","mean: 0.033188, var: 0.000012","mean: 0.044934, var: 0.000698","mean: 0.006340, var: 0.000064","mean: 0.036386, var: 0.000125","mean: 0.033316, var: 0.000292","mean: 0.063937, var: 0.000742","mean: 0.004475, var: 0.000030",1.5899770308519097,Low
ENSP00000364525,"mean: 0.062701, var: 0.000200","mean: 0.215820, var: 0.001480","mean: 0.923926, var: 0.002483","mean: 0.070190, var: 0.001978","mean: 0.048608, var: 0.000196","mean: 0.080042, var: 0.002311","mean: 0.091212, var: 0.008009","mean: 0.037738, var: 0.000247","mean: 0.038583, var: 0.000240","mean: 0.065643, var: 0.000334","mean: 0.006625, var: 0.000102",1.7929323585994796,Low
ENSP00000316042,"mean: 0.080212, var: 0.001746","mean: 0.657910, var: 0.002060","mean: 0.729688, var: 0.003164","mean: 0.091957, var: 0.007943","mean: 0.082715, var: 0.001560","mean: 0.063717, var: 0.002622","mean: 0.015935, var: 0.000414","mean: 0.140372, var: 0.011483","mean: 0.043291, var: 0.000463","mean: 0.031174, var: 0.000199","mean: 0.008418, var: 0.000159",1.9346597146250908,Low
ENSP00000370990,"mean: 0.120471, var: 0.000853","mean: 0.206860, var: 0.000855","mean: 0.850879, var: 0.003178","mean: 0.019140, var: 0.000238","mean: 0.072253, var: 0.000620","mean: 0.077112, var: 0.000478","mean: 0.014600, var: 0.000154","mean: 0.050293, var: 0.000565","mean: 0.041000, var: 0.000644","mean: 0.069248, var: 0.001358","mean: 0.055195, var: 0.001981",1.8693152580801564,Low
ENSP00000296921,"mean: 0.112036, var: 0.000646","mean: 0.213647, var: 0.002313","mean: 0.862891, var: 0.003470","mean: 0.017261, var: 0.000123","mean: 0.094458, var: 0.001410","mean: 0.066019, var: 0.000991","mean: 0.007839, var: 0.000105","mean: 0.058917, var: 0.000133","mean: 0.024763, var: 0.000405","mean: 0.042752, var: 0.000818","mean: 0.019529, var: 0.000376",1.6826701028207875,Low
ENSP00000503416,"mean: 0.074615, var: 0.000131","mean: 0.253369, var: 0.000343","mean: 0.847559, var: 0.002701","mean: 0.114767, var: 0.003090","mean: 0.062360, var: 0.000069","mean: 0.110950, var: 0.004579","mean: 0.014426, var: 0.000391","mean: 0.064423, var: 0.000373","mean: 0.050800, var: 0.000036","mean: 0.047766, var: 0.000608","mean: 0.019587, var: 0.000567",1.9586269299914614,Low
ENSP00000361524,"mean: 0.072003, var: 0.000366","mean: 0.257422, var: 0.001081","mean: 0.814160, var: 0.001327","mean: 0.078671, var: 0.002035","mean: 0.036632, var: 0.000411","mean: 0.101550, var: 0.002467","mean: 0.004017, var: 0.000022","mean: 0.050476, var: 0.000721","mean: 0.028375, var: 0.000224","mean: 0.045807, var: 0.000601","mean: 0.016283, var: 0.000183",1.7418466119599345,Low
ENSP00000435422,"mean: 0.033322, var: 0.000045","mean: 0.265991, var: 0.004072","mean: 0.934082, var: 0.002202","mean: 0.113666, var: 0.008114","mean: 0.032695, var: 0.000123","mean: 0.026494, var: 0.000603","mean: 0.013692, var: 0.000163","mean: 0.029742, var: 0.000091","mean: 0.023735, var: 0.000121","mean: 0.023145, var: 0.000402","mean: 0.009246, var: 0.000096",1.3670455624866986,Low
ENSP00000281437,"mean: 0.066418, var: 0.000259","mean: 0.252759, var: 0.004155","mean: 0.875098, var: 0.003267","mean: 0.023057, var: 0.000279","mean: 0.047116, var: 0.000299","mean: 0.138733, var: 0.001680","mean: 0.004326, var: 0.000027","mean: 0.045172, var: 0.000200","mean: 0.041155, var: 0.000600","mean: 0.048315, var: 0.001184","mean: 0.022380, var: 0.000388",1.6755734638606186,Low
ENSP00000360594,"mean: 0.041006, var: 0.000099","mean: 0.241553, var: 0.001273","mean: 0.933105, var: 0.002004","mean: 0.048085, var: 0.000886","mean: 0.028619, var: 0.000109","mean: 0.080115, var: 0.000620","mean: 0.006369, var: 0.000043","mean: 0.039679, var: 0.000195","mean: 0.019527, var: 0.000221","mean: 0.031522, var: 0.000170","mean: 0.006774, var: 0.000059",1.3685176296717105,Low
ENSP00000423075,"mean: 0.062286, var: 0.000221","mean: 0.568750, var: 0.002621","mean: 0.816895, var: 0.000291","mean: 0.012775, var: 0.000120","mean: 0.058685, var: 0.000900","mean: 0.104028, var: 0.002197","mean: 0.014192, var: 0.000337","mean: 0.059717, var: 0.000614","mean: 0.048206, var: 0.000253","mean: 0.082971, var: 0.002259","mean: 0.041820, var: 0.000731",1.8307478974811542,Low
ENSP00000434049,"mean: 0.068732, var: 0.000405","mean: 0.190137, var: 0.002699","mean: 0.741113, var: 0.007003","mean: 0.126306, var: 0.010407","mean: 0.049561, var: 0.000119","mean: 0.104572, var: 0.002465","mean: 0.003236, var: 0.000014","mean: 0.032870, var: 0.000088","mean: 0.039975, var: 0.000100","mean: 0.028217, var: 0.000197","mean: 0.026633, var: 0.000633",1.8247967432304748,Low
ENSP00000359668,"mean: 0.057568, var: 0.000054","mean: 0.501807, var: 0.006748","mean: 0.810059, var: 0.001128","mean: 0.084006, var: 0.002687","mean: 0.060736, var: 0.000135","mean: 0.123639, var: 0.003418","mean: 0.003500, var: 0.000011","mean: 0.043665, var: 0.000152","mean: 0.045142, var: 0.000062","mean: 0.022371, var: 0.000198","mean: 0.051974, var: 0.000759",1.852716916526108,Low
ENSP00000361032,"mean: 0.027731, var: 0.000028","mean: 0.308545, var: 0.004067","mean: 0.893555, var: 0.000996","mean: 0.034673, var: 0.000596","mean: 0.026624, var: 0.000121","mean: 0.254614, var: 0.004167","mean: 0.014232, var: 0.000112","mean: 0.132300, var: 0.004849","mean: 0.024829, var: 0.000156","mean: 0.029114, var: 0.000089","mean: 0.016823, var: 0.000620",1.7157822297069185,Low
ENSP00000426075,"mean: 0.076385, var: 0.002183","mean: 0.309521, var: 0.006634","mean: 0.833789, var: 0.011830","mean: 0.046445, var: 0.000433","mean: 0.037228, var: 0.000240","mean: 0.109753, var: 0.000942","mean: 0.033070, var: 0.002212","mean: 0.038034, var: 0.000193","mean: 0.063013, var: 0.002561","mean: 0.093463, var: 0.002560","mean: 0.011053, var: 0.000167",1.9011744484321111,Low
ENSP00000388486,"mean: 0.058917, var: 0.000285","mean: 0.308276, var: 0.005540","mean: 0.842871, var: 0.003248","mean: 0.012479, var: 0.000076","mean: 0.028604, var: 0.000268","mean: 0.228296, var: 0.001319","mean: 0.008821, var: 0.000062","mean: 0.047220, var: 0.000507","mean: 0.109171, var: 0.002764","mean: 0.034794, var: 0.000864","mean: 0.081764, var: 0.006818",1.9165307710974695,Low
ENSP00000301159,"mean: 0.033688, var: 0.000090","mean: 0.212842, var: 0.001222","mean: 0.921094, var: 0.003882","mean: 0.081870, var: 0.002664","mean: 0.027759, var: 0.000089","mean: 0.132275, var: 0.006064","mean: 0.008668, var: 0.000083","mean: 0.030048, var: 0.000024","mean: 0.021190, var: 0.000061","mean: 0.020120, var: 0.000118","mean: 0.037499, var: 0.001069",1.5210581620123576,Low
ENSP00000239461,"mean: 0.133850, var: 0.002991","mean: 0.139929, var: 0.001733","mean: 0.874805, var: 0.002618","mean: 0.016730, var: 0.000177","mean: 0.077231, var: 0.001455","mean: 0.069238, var: 0.000505","mean: 0.018776, var: 0.000749","mean: 0.020587, var: 0.000058","mean: 0.044683, var: 0.001042","mean: 0.050897, var: 0.000549","mean: 0.043225, var: 0.002248",1.6932876667423502,Low
ENSP00000434333,"mean: 0.030475, var: 0.000145","mean: 0.377588, var: 0.002325","mean: 0.818945, var: 0.004720","mean: 0.064380, var: 0.000631","mean: 0.026180, var: 0.000113","mean: 0.054594, var: 0.001882","mean: 0.025545, var: 0.000422","mean: 0.095056, var: 0.000415","mean: 0.036086, var: 0.000333","mean: 0.072577, var: 0.000946","mean: 0.006321, var: 0.000073",1.7280485242212857,Low
ENSP00000499597,"mean: 0.069757, var: 0.000094","mean: 0.353516, var: 0.001898","mean: 0.897754, var: 0.002400","mean: 0.073053, var: 0.001789","mean: 0.109668, var: 0.000140","mean: 0.065274, var: 0.001172","mean: 0.005288, var: 0.000036","mean: 0.045145, var: 0.000171","mean: 0.029303, var: 0.000142","mean: 0.025951, var: 0.000188","mean: 0.006361, var: 0.000048",1.6598075747462575,Low
ENSP00000421252,"mean: 0.028342, var: 0.000044","mean: 0.318726, var: 0.002529","mean: 0.952051, var: 0.000676","mean: 0.035934, var: 0.000741","mean: 0.019583, var: 0.000043","mean: 0.039134, var: 0.000722","mean: 0.009080, var: 0.000101","mean: 0.024248, var: 0.000068","mean: 0.024957, var: 0.000052","mean: 0.028334, var: 0.000266","mean: 0.006183, var: 0.000052",1.1929851241551552,Low
ENSP00000482500,"mean: 0.043646, var: 0.000052","mean: 0.434229, var: 0.005591","mean: 0.768945, var: 0.002650","mean: 0.063196, var: 0.002229","mean: 0.031018, var: 0.000009","mean: 0.159308, var: 0.005599","mean: 0.017038, var: 0.000339","mean: 0.017932, var: 0.000017","mean: 0.030548, var: 0.000149","mean: 0.035968, var: 0.000148","mean: 0.036774, var: 0.000801",1.7649411135933575,Low
ENSP00000354633,"mean: 0.045334, var: 0.000125","mean: 0.225903, var: 0.001299","mean: 0.868164, var: 0.004217","mean: 0.061066, var: 0.000554","mean: 0.051566, var: 0.000430","mean: 0.080713, var: 0.001427","mean: 0.004879, var: 0.000020","mean: 0.057050, var: 0.000314","mean: 0.042293, var: 0.000554","mean: 0.024922, var: 0.000270","mean: 0.005015, var: 0.000044",1.5675044882477733,Low
ENSP00000402496,"mean: 0.112488, var: 0.001313","mean: 0.410303, var: 0.005893","mean: 0.882910, var: 0.000897","mean: 0.012270, var: 0.000075","mean: 0.085828, var: 0.001110","mean: 0.137433, var: 0.002281","mean: 0.005611, var: 0.000039","mean: 0.063165, var: 0.000491","mean: 0.098926, var: 0.001761","mean: 0.056677, var: 0.000384","mean: 0.013997, var: 0.000187",1.9135717491268112,Low
ENSP00000404402,"mean: 0.058630, var: 0.000022","mean: 0.352563, var: 0.008395","mean: 0.788379, var: 0.004530","mean: 0.120764, var: 0.006248","mean: 0.036487, var: 0.000157","mean: 0.132410, var: 0.003227","mean: 0.011585, var: 0.000152","mean: 0.045901, var: 0.000336","mean: 0.060883, var: 0.000301","mean: 0.053818, var: 0.000417","mean: 0.016669, var: 0.000384",1.95410809445167,Low
ENSP00000321445,"mean: 0.089886, var: 0.002048","mean: 0.311670, var: 0.004100","mean: 0.906641, var: 0.002003","mean: 0.049387, var: 0.000817","mean: 0.060761, var: 0.000366","mean: 0.288794, var: 0.014012","mean: 0.005298, var: 0.000037","mean: 0.025020, var: 0.000046","mean: 0.039908, var: 0.000134","mean: 0.064935, var: 0.000634","mean: 0.025233, var: 0.000495",1.8651875966959564,Low
ENSP00000359518,"mean: 0.042029, var: 0.000074","mean: 0.163953, var: 0.001509","mean: 0.956836, var: 0.000546","mean: 0.049547, var: 0.000817","mean: 0.044788, var: 0.000071","mean: 0.036102, var: 0.000273","mean: 0.095520, var: 0.003740","mean: 0.107312, var: 0.009587","mean: 0.021375, var: 0.000127","mean: 0.023318, var: 0.000076","mean: 0.032607, var: 0.000834",1.6250755814069084,Low
ENSP00000351380,"mean: 0.038855, var: 0.000401","mean: 0.335449, var: 0.001026","mean: 0.834375, var: 0.002200","mean: 0.031766, var: 0.000211","mean: 0.031674, var: 0.000132","mean: 0.191528, var: 0.005928","mean: 0.011916, var: 0.000103","mean: 0.033356, var: 0.000050","mean: 0.035706, var: 0.000523","mean: 0.029510, var: 0.000223","mean: 0.014552, var: 0.000372",1.629868841281608,Low
ENSP00000409315,"mean: 0.018277, var: 0.000044","mean: 0.482227, var: 0.001132","mean: 0.774219, var: 0.007900","mean: 0.036784, var: 0.000165","mean: 0.018645, var: 0.000027","mean: 0.095093, var: 0.001217","mean: 0.005405, var: 0.000026","mean: 0.089777, var: 0.000846","mean: 0.029999, var: 0.000429","mean: 0.044274, var: 0.000805","mean: 0.010020, var: 0.000145",1.576409152086339,Low
ENSP00000423100,"mean: 0.060040, var: 0.000192","mean: 0.243066, var: 0.001162","mean: 0.931543, var: 0.002713","mean: 0.037939, var: 0.000911","mean: 0.037723, var: 0.000248","mean: 0.145142, var: 0.003050","mean: 0.007463, var: 0.000060","mean: 0.039987, var: 0.000192","mean: 0.033197, var: 0.000227","mean: 0.023924, var: 0.000371","mean: 0.014403, var: 0.000289",1.535332585890836,Low
ENSP00000452545,"mean: 0.064703, var: 0.000578","mean: 0.331274, var: 0.002476","mean: 0.907617, var: 0.003159","mean: 0.100732, var: 0.004932","mean: 0.036320, var: 0.000245","mean: 0.059389, var: 0.001082","mean: 0.013477, var: 0.000252","mean: 0.070996, var: 0.001022","mean: 0.057220, var: 0.000354","mean: 0.031271, var: 0.000269","mean: 0.014846, var: 0.000382",1.7308393803507303,Low
ENSP00000452878,"mean: 0.070663, var: 0.000878","mean: 0.143213, var: 0.001121","mean: 0.902930, var: 0.005121","mean: 0.017910, var: 0.000453","mean: 0.045018, var: 0.000320","mean: 0.199927, var: 0.023780","mean: 0.004915, var: 0.000017","mean: 0.085413, var: 0.002797","mean: 0.051650, var: 0.001194","mean: 0.095187, var: 0.005202","mean: 0.022792, var: 0.000357",1.7906093543271362,Low
ENSP00000498311,"mean: 0.048651, var: 0.000119","mean: 0.176392, var: 0.001201","mean: 0.838184, var: 0.004154","mean: 0.083945, var: 0.003402","mean: 0.032449, var: 0.000189","mean: 0.158154, var: 0.003166","mean: 0.036077, var: 0.000593","mean: 0.035867, var: 0.000115","mean: 0.024840, var: 0.000147","mean: 0.043515, var: 0.000982","mean: 0.043212, var: 0.002976",1.815130292568463,Low
ENSP00000407265,"mean: 0.051578, var: 0.000940","mean: 0.309692, var: 0.006436","mean: 0.656348, var: 0.006987","mean: 0.094910, var: 0.006698","mean: 0.012305, var: 0.000057","mean: 0.127164, var: 0.004252","mean: 0.025688, var: 0.000506","mean: 0.051764, var: 0.000383","mean: 0.022607, var: 0.000162","mean: 0.016156, var: 0.000089","mean: 0.019473, var: 0.000441",1.808504390771692,Low
ENSP00000449287,"mean: 0.073767, var: 0.001188","mean: 0.173987, var: 0.001768","mean: 0.911035, var: 0.003392","mean: 0.011012, var: 0.000171","mean: 0.050433, var: 0.000585","mean: 0.140958, var: 0.010016","mean: 0.007552, var: 0.000055","mean: 0.061310, var: 0.000196","mean: 0.053681, var: 0.001382","mean: 0.098140, var: 0.004241","mean: 0.021095, var: 0.000245",1.7322086055756598,Low
ENSP00000429946,"mean: 0.072070, var: 0.000527","mean: 0.436670, var: 0.005203","mean: 0.728516, var: 0.003563","mean: 0.109875, var: 0.008616","mean: 0.076474, var: 0.000890","mean: 0.086517, var: 0.002717","mean: 0.016766, var: 0.000266","mean: 0.098456, var: 0.001629","mean: 0.026594, var: 0.000230","mean: 0.024601, var: 0.000276","mean: 0.007619, var: 0.000083",1.9546595399626319,Low
ENSP00000345092,"mean: 0.067072, var: 0.000581","mean: 0.426758, var: 0.000726","mean: 0.751758, var: 0.001263","mean: 0.035912, var: 0.001085","mean: 0.047244, var: 0.000314","mean: 0.114569, var: 0.002331","mean: 0.012509, var: 0.000183","mean: 0.091364, var: 0.001724","mean: 0.046118, var: 0.001070","mean: 0.048026, var: 0.000543","mean: 0.018636, var: 0.000229",1.9063750774658053,Low
ENSP00000475656,"mean: 0.039703, var: 0.000040","mean: 0.282935, var: 0.001649","mean: 0.925195, var: 0.001129","mean: 0.260706, var: 0.015946","mean: 0.028864, var: 0.000008","mean: 0.074997, var: 0.000984","mean: 0.005306, var: 0.000025","mean: 0.024808, var: 0.000058","mean: 0.034534, var: 0.000172","mean: 0.034100, var: 0.000108","mean: 0.008715, var: 0.000159",1.5965940480159542,Low
ENSP00000411577,"mean: 0.059381, var: 0.000325","mean: 0.164355, var: 0.003256","mean: 0.880762, var: 0.002745","mean: 0.176819, var: 0.011707","mean: 0.088330, var: 0.000098","mean: 0.026432, var: 0.000543","mean: 0.002871, var: 0.000005","mean: 0.104822, var: 0.002024","mean: 0.100098, var: 0.003377","mean: 0.077631, var: 0.000368","mean: 0.009009, var: 0.000102",1.9174801640005383,Low
ENSP00000445939,"mean: 0.069910, var: 0.000750","mean: 0.355469, var: 0.003938","mean: 0.679980, var: 0.004370","mean: 0.067856, var: 0.001754","mean: 0.040717, var: 0.000118","mean: 0.086334, var: 0.003125","mean: 0.043708, var: 0.001299","mean: 0.074292, var: 0.001233","mean: 0.008429, var: 0.000046","mean: 0.030753, var: 0.000375","mean: 0.018966, var: 0.000341",1.892793389527972,Low
ENSP00000421647,"mean: 0.033566, var: 0.000285","mean: 0.348975, var: 0.001899","mean: 0.812988, var: 0.003283","mean: 0.234619, var: 0.001592","mean: 0.031998, var: 0.000111","mean: 0.106787, var: 0.002881","mean: 0.047908, var: 0.000674","mean: 0.025989, var: 0.000055","mean: 0.021854, var: 0.000063","mean: 0.026205, var: 0.000087","mean: 0.020948, var: 0.000811",1.839196655124377,Low
ENSP00000296121,"mean: 0.034341, var: 0.000128","mean: 0.227002, var: 0.000880","mean: 0.858789, var: 0.004478","mean: 0.028744, var: 0.000323","mean: 0.013083, var: 0.000040","mean: 0.102585, var: 0.003821","mean: 0.004597, var: 0.000029","mean: 0.054483, var: 0.000734","mean: 0.109860, var: 0.004653","mean: 0.080255, var: 0.001156","mean: 0.012119, var: 0.000109",1.6572991443164318,Low
ENSP00000389707,"mean: 0.026260, var: 0.000026","mean: 0.345068, var: 0.001298","mean: 0.957910, var: 0.000677","mean: 0.056393, var: 0.000310","mean: 0.034695, var: 0.000239","mean: 0.066693, var: 0.001168","mean: 0.002168, var: 0.000006","mean: 0.036172, var: 0.000076","mean: 0.039703, var: 0.000229","mean: 0.016250, var: 0.000109","mean: 0.006554, var: 0.000047",1.324643645373289,Low
ENSP00000500214,"mean: 0.027324, var: 0.000142","mean: 0.276587, var: 0.001066","mean: 0.907422, var: 0.002558","mean: 0.122336, var: 0.006758","mean: 0.027586, var: 0.000139","mean: 0.099731, var: 0.001693","mean: 0.033623, var: 0.000456","mean: 0.046936, var: 0.000145","mean: 0.034848, var: 0.000080","mean: 0.043091, var: 0.000062","mean: 0.021105, var: 0.000821",1.7195240842840667,Low
ENSP00000469638,"mean: 0.070819, var: 0.000207","mean: 0.304443, var: 0.001468","mean: 0.870313, var: 0.004393","mean: 0.063846, var: 0.003177","mean: 0.066223, var: 0.000105","mean: 0.115112, var: 0.001654","mean: 0.007773, var: 0.000066","mean: 0.037433, var: 0.000276","mean: 0.030838, var: 0.000008","mean: 0.039384, var: 0.000268","mean: 0.007606, var: 0.000082",1.7072551245195906,Low
ENSP00000392272,"mean: 0.044843, var: 0.000083","mean: 0.258545, var: 0.001157","mean: 0.868555, var: 0.006472","mean: 0.091492, var: 0.002087","mean: 0.038132, var: 0.000223","mean: 0.134839, var: 0.001630","mean: 0.011622, var: 0.000138","mean: 0.042355, var: 0.000161","mean: 0.016827, var: 0.000095","mean: 0.036229, var: 0.000229","mean: 0.007306, var: 0.000069",1.6354550354398725,Low
ENSP00000358111,"mean: 0.052350, var: 0.000108","mean: 0.246973, var: 0.000097","mean: 0.906445, var: 0.001798","mean: 0.248816, var: 0.012686","mean: 0.023207, var: 0.000061","mean: 0.067307, var: 0.001268","mean: 0.007703, var: 0.000079","mean: 0.087146, var: 0.000437","mean: 0.040875, var: 0.000244","mean: 0.043369, var: 0.000223","mean: 0.012484, var: 0.000438",1.775551128314761,Low
ENSP00000427425,"mean: 0.081061, var: 0.000537","mean: 0.330542, var: 0.006132","mean: 0.887891, var: 0.001793","mean: 0.071477, var: 0.003061","mean: 0.086780, var: 0.000805","mean: 0.089828, var: 0.002130","mean: 0.004618, var: 0.000032","mean: 0.040002, var: 0.000126","mean: 0.026947, var: 0.000186","mean: 0.047647, var: 0.000376","mean: 0.021624, var: 0.000508",1.7712605182340546,Low
ENSP00000401109,"mean: 0.067603, var: 0.000054","mean: 0.275586, var: 0.005339","mean: 0.790039, var: 0.003070","mean: 0.038167, var: 0.000511","mean: 0.030328, var: 0.000092","mean: 0.126697, var: 0.002576","mean: 0.003354, var: 0.000012","mean: 0.062677, var: 0.000524","mean: 0.048013, var: 0.000362","mean: 0.057504, var: 0.000621","mean: 0.019476, var: 0.000357",1.795347144713622,Low
ENSP00000495456,"mean: 0.040100, var: 0.000150","mean: 0.239648, var: 0.000196","mean: 0.863086, var: 0.002745","mean: 0.048364, var: 0.000359","mean: 0.024295, var: 0.000247","mean: 0.196191, var: 0.002040","mean: 0.019425, var: 0.000229","mean: 0.079822, var: 0.001439","mean: 0.028074, var: 0.000451","mean: 0.034132, var: 0.000246","mean: 0.010511, var: 0.000146",1.6965713733511434,Low
ENSP00000423982,"mean: 0.063943, var: 0.001074","mean: 0.405811, var: 0.005572","mean: 0.778711, var: 0.002274","mean: 0.060115, var: 0.001592","mean: 0.076282, var: 0.000233","mean: 0.138562, var: 0.001600","mean: 0.011329, var: 0.000144","mean: 0.037219, var: 0.000126","mean: 0.064093, var: 0.001161","mean: 0.046420, var: 0.000113","mean: 0.014563, var: 0.000221",1.9291890106058953,Low
ENSP00000426615,"mean: 0.029486, var: 0.000041","mean: 0.300293, var: 0.000131","mean: 0.921289, var: 0.002766","mean: 0.171777, var: 0.004737","mean: 0.030415, var: 0.000185","mean: 0.117896, var: 0.002295","mean: 0.021441, var: 0.000681","mean: 0.032730, var: 0.000056","mean: 0.015729, var: 0.000120","mean: 0.018038, var: 0.000175","mean: 0.028844, var: 0.001442",1.635889122302316,Low
ENSP00000263384,"mean: 0.052979, var: 0.000294","mean: 0.323511, var: 0.002059","mean: 0.778027, var: 0.004329","mean: 0.083099, var: 0.002367","mean: 0.050040, var: 0.000136","mean: 0.077206, var: 0.001318","mean: 0.002940, var: 0.000007","mean: 0.044058, var: 0.000151","mean: 0.033743, var: 0.000598","mean: 0.054633, var: 0.000380","mean: 0.005233, var: 0.000028",1.7257173751169024,Low
ENSP00000388120,"mean: 0.085254, var: 0.001225","mean: 0.352002, var: 0.002687","mean: 0.904297, var: 0.000431","mean: 0.018323, var: 0.000286","mean: 0.060657, var: 0.000184","mean: 0.057956, var: 0.000437","mean: 0.005716, var: 0.000024","mean: 0.068597, var: 0.000651","mean: 0.063519, var: 0.000129","mean: 0.032377, var: 0.000182","mean: 0.003882, var: 0.000025",1.5977720383319336,Low
ENSP00000379634,"mean: 0.064172, var: 0.000597","mean: 0.312402, var: 0.003599","mean: 0.851465, var: 0.001948","mean: 0.036462, var: 0.001033","mean: 0.072687, var: 0.000122","mean: 0.100806, var: 0.002391","mean: 0.012922, var: 0.000158","mean: 0.032846, var: 0.000314","mean: 0.022913, var: 0.000214","mean: 0.013557, var: 0.000164","mean: 0.016393, var: 0.000294",1.599826861091936,Low
ENSP00000464939,"mean: 0.066370, var: 0.000542","mean: 0.341113, var: 0.001979","mean: 0.787207, var: 0.003469","mean: 0.042456, var: 0.001348","mean: 0.049664, var: 0.000116","mean: 0.066052, var: 0.001183","mean: 0.006037, var: 0.000022","mean: 0.077716, var: 0.001057","mean: 0.030571, var: 0.000247","mean: 0.062317, var: 0.000369","mean: 0.008135, var: 0.000070",1.7461048086808917,Low
ENSP00000422500,"mean: 0.033368, var: 0.000083","mean: 0.315479, var: 0.001529","mean: 0.915625, var: 0.001710","mean: 0.160022, var: 0.004037","mean: 0.033276, var: 0.000293","mean: 0.152405, var: 0.002082","mean: 0.014521, var: 0.000194","mean: 0.055231, var: 0.000961","mean: 0.021913, var: 0.000112","mean: 0.017219, var: 0.000112","mean: 0.025286, var: 0.000951",1.7193659761391962,Low
ENSP00000492309,"mean: 0.232495, var: 0.002496","mean: 0.165918, var: 0.001973","mean: 0.164392, var: 0.001892","mean: 0.054953, var: 0.001579","mean: 0.100311, var: 0.002252","mean: 0.966699, var: 0.000037","mean: 0.038051, var: 0.000683","mean: 0.030600, var: 0.000023","mean: 0.021143, var: 0.000045","mean: 0.028674, var: 0.000081","mean: 0.059300, var: 0.002730",1.9388511225043188,Low
ENSP00000434221,"mean: 0.049713, var: 0.000182","mean: 0.307056, var: 0.002580","mean: 0.883887, var: 0.001954","mean: 0.048074, var: 0.000629","mean: 0.067334, var: 0.000391","mean: 0.124792, var: 0.001745","mean: 0.014382, var: 0.000158","mean: 0.074164, var: 0.000558","mean: 0.061377, var: 0.000512","mean: 0.032239, var: 0.000186","mean: 0.025085, var: 0.000757",1.8365449656945962,Low
ENSP00000489555,"mean: 0.037567, var: 0.000179","mean: 0.160291, var: 0.000939","mean: 0.880273, var: 0.003100","mean: 0.215759, var: 0.006916","mean: 0.024420, var: 0.000067","mean: 0.024691, var: 0.000380","mean: 0.103119, var: 0.004385","mean: 0.047119, var: 0.000368","mean: 0.034106, var: 0.000385","mean: 0.035439, var: 0.000235","mean: 0.015970, var: 0.000267",1.7198026302916374,Low
