AA,Alpha
M,0.014066286
A,0.013410454
S,0.013255845
K,0.013282794
V,0.014617488
L,0.0150298625
P,0.015799139
Q,0.017012656
A,0.018922593
L,0.020082947
L,0.021623032
V,0.021103378
I,0.019290831
P,0.017266992
S,0.015711738
N,0.014581409
H,0.015029265
S,0.015645783
L,0.016616613
Q,0.017643232
C,0.017632365
P,0.016034806
P,0.014581703
L,0.013230959
K,0.012817507
K,0.013387109
Q,0.014534799
L,0.015846774
G,0.017063795
F,0.017485127
P,0.017378733
I,0.017468506
D,0.01735072
S,0.01656278
N,0.016277608
R,0.015350686
R,0.014019446
F,0.013037026
S,0.01308134
L,0.013232733
S,0.013889288
S,0.014404108
N,0.014998166
C,0.014960306
R,0.013765673
S,0.012127021
N,0.01066239
L,0.010050399
M,0.009385856
V,0.009875791
S,0.010724191
R,0.010684778
A,0.0098000495
S,0.009043743
S,0.008278025
N,0.0074099787
L,0.007475904
F,0.007109452
S,0.0069700866
S,0.006514673
N,0.0067200833
F,0.006322558
S,0.006892788
S,0.0065761157
I,0.006460879
F,0.006139281
S,0.006387426
F,0.0061438917
P,0.0066234223
A,0.006650093
R,0.0070748357
N,0.007539142
S,0.008872136
F,0.010191677
V,0.01141564
V,0.011194699
R,0.008867011
S,0.0053986795
E,0.002868737
A,0.0014381435
E,0.00071886415
D,0.0004137096
S,0.00023770779
S,0.00015377278
D,9.143409e-05
A,6.357976e-05
P,4.559907e-05
A,3.2171156e-05
E,2.2061975e-05
S,1.8471592e-05
V,1.5954156e-05
A,1.5675108e-05
V,1.9030997e-05
V,1.8695664e-05
A,1.5011171e-05
E,1.1720586e-05
E,1.1640736e-05
E,1.2660426e-05
L,1.863337e-05
P,2.128003e-05
V,1.9206907e-05
E,1.3629225e-05
S,1.0789657e-05
E,8.570238e-06
A,1.0040195e-05
E,9.565047e-06
A,8.646711e-06
E,1.1176155e-05
E,1.7461138e-05
R,2.6534157e-05
P,5.8505033e-05
P,7.810989e-05
R,6.555028e-05
Q,5.710667e-05
Q,4.7852438e-05
R,3.072773e-05
V,3.0425796e-05
K,2.7807819e-05
L,3.1800504e-05
G,3.7429338e-05
D,4.2166554e-05
I,4.1396128e-05
M,4.420736e-05
G,3.4609144e-05
I,2.7205891e-05
L,1.9314604e-05
N,1.1499627e-05
K,6.932996e-06
K,5.3424237e-06
A,4.2637275e-06
V,3.9667434e-06
H,4.814291e-06
A,4.6888226e-06
A,4.9004993e-06
E,5.1884535e-06
E,4.7652843e-06
L,4.2007223e-06
R,5.417658e-06
P,6.8937816e-06
V,7.874079e-06
P,8.620051e-06
G,8.179517e-06
I,6.6788866e-06
R,6.510802e-06
T,8.654016e-06
G,9.1099455e-06
D,8.596627e-06
I,7.4915806e-06
V,6.149504e-06
Q,4.801691e-06
I,5.694847e-06
R,7.917213e-06
L,1.0863931e-05
E,1.1563811e-05
V,1.3286973e-05
P,1.8331932e-05
E,2.1890126e-05
N,3.0896244e-05
K,5.3274496e-05
R,6.212668e-05
R,4.148859e-05
L,3.0021267e-05
S,1.5490794e-05
V,6.495224e-06
Y,4.3095974e-06
K,3.282409e-06
G,2.9004038e-06
I,2.8721809e-06
V,2.9251428e-06
I,2.574448e-06
S,2.3868974e-06
R,2.135987e-06
Q,2.281176e-06
N,2.6217742e-06
A,3.0158274e-06
G,3.275119e-06
I,3.0767649e-06
H,2.5133509e-06
T,2.0929317e-06
T,1.9014581e-06
I,1.8023042e-06
R,1.9966585e-06
I,2.1725914e-06
R,2.6549653e-06
R,2.68762e-06
I,2.6219354e-06
I,2.001485e-06
A,2.015963e-06
G,2.050272e-06
V,3.0961942e-06
G,5.5474584e-06
V,8.397345e-06
E,8.431705e-06
I,8.090351e-06
V,5.4916804e-06
F,3.935777e-06
P,3.663572e-06
L,3.4213704e-06
Y,3.2047287e-06
S,3.3463002e-06
P,3.2408739e-06
N,3.1101451e-06
I,3.6100676e-06
K,4.1273915e-06
E,4.268829e-06
I,4.2997863e-06
K,4.5670276e-06
V,4.557903e-06
V,4.8725938e-06
S,6.069907e-06
H,8.22374e-06
R,1.2778002e-05
K,2.170743e-05
V,3.050449e-05
R,3.7454207e-05
K,4.886892e-05
A,4.7916306e-05
R,4.503539e-05
L,4.5425455e-05
Y,4.520446e-05
Y,5.076744e-05
L,9.264509e-05
R,0.0001742935
D,0.00032677484
K,0.00054434774
L,0.0009135233
P,0.0011023302
R,0.0010976028
L,0.0010179164
S,0.0010058781
T,0.0011246155
F,0.0017475603
K,0.0027688188
